Workbook
Name Cinematography_SemI_A: DV_Helper!$A$1:$A$8
Name Cinematography_SemI_B: DV_Helper!$A$9:$A$16
Name Cinematography_SemI_C: DV_Helper!$A$17:$A$24
Name Cinematography_SemI_D: DV_Helper!$A$25:$A$32
Name Cinematography_SemII_A: DV_Helper!$A$193:$A$200
Name Cinematography_SemII_B: DV_Helper!$A$201:$A$208
Name Cinematography_SemII_C: DV_Helper!$A$209:$A$216
Name Cinematography_SemII_D: DV_Helper!$A$217:$A$224
Name Cinematography_SemIII_A: DV_Helper!$A$385:$A$392
Name Cinematography_SemIII_B: DV_Helper!$A$393:$A$400
Name Cinematography_SemIII_C: DV_Helper!$A$401:$A$408
Name Cinematography_SemIII_D: DV_Helper!$A$409:$A$416
Name Cinematography_SemIV_A: DV_Helper!$A$610:$A$617
Name Cinematography_SemIV_B: DV_Helper!$A$618:$A$625
Name Cinematography_SemIV_C: DV_Helper!$A$626:$A$633
Name Cinematography_SemIV_D: DV_Helper!$A$634:$A$641
Name Cinematography_SemV_A: DV_Helper!$A$804:$A$811
Name Cinematography_SemV_B: DV_Helper!$A$812:$A$819
Name Cinematography_SemV_C: DV_Helper!$A$820:$A$827
Name Cinematography_SemV_D: DV_Helper!$A$828:$A$835
Name Cinematography_SemVI_A: DV_Helper!$A$1024:$A$1031
Name Cinematography_SemVI_B: DV_Helper!$A$1032:$A$1039
Name Cinematography_SemVI_C: DV_Helper!$A$1040:$A$1047
Name Cinematography_SemVI_D: DV_Helper!$A$1048:$A$1055
Name Creative_A: Lists!$FJ$2:$FJ$9
Name Creative_B: Lists!$FK$2:$FK$9
Name Creative_C: Lists!$FL$2:$FL$9
Name Creative_D: Lists!$FM$2:$FM$9
Name Direction_SemI_A: DV_Helper!$A$33:$A$40
Name Direction_SemI_B: DV_Helper!$A$41:$A$48
Name Direction_SemI_C: DV_Helper!$A$49:$A$56
Name Direction_SemI_D: DV_Helper!$A$57:$A$64
Name Direction_SemII_A: DV_Helper!$A$225:$A$232
Name Direction_SemII_B: DV_Helper!$A$233:$A$240
Name Direction_SemII_C: DV_Helper!$A$241:$A$248
Name Direction_SemII_D: DV_Helper!$A$249:$A$256
Name Direction_SemIII_A: DV_Helper!$A$417:$A$424
Name Direction_SemIII_B: DV_Helper!$A$425:$A$432
Name Direction_SemIII_C: DV_Helper!$A$433:$A$440
Name Direction_SemIII_D: DV_Helper!$A$441:$A$448
Name Direction_SemIV_D: DV_Helper!$A$642:$A$642
Name Direction_SemV_A: DV_Helper!$A$836:$A$837
Name Direction_SemV_B: DV_Helper!$A$838:$A$845
Name Direction_SemV_C: DV_Helper!$A$846:$A$853
Name Direction_SemV_D: DV_Helper!$A$854:$A$861
Name Direction_SemVI_D: DV_Helper!$A$1056:$A$1057
Name Editing_SemI_A: DV_Helper!$A$65:$A$72
Name Editing_SemI_B: DV_Helper!$A$73:$A$80
Name Editing_SemI_C: DV_Helper!$A$81:$A$88
Name Editing_SemI_D: DV_Helper!$A$89:$A$96
Name Editing_SemII_A: DV_Helper!$A$257:$A$264
Name Editing_SemII_B: DV_Helper!$A$265:$A$272
Name Editing_SemII_C: DV_Helper!$A$273:$A$280
Name Editing_SemII_D: DV_Helper!$A$281:$A$288
Name Editing_SemIII_A: DV_Helper!$A$449:$A$456
Name Editing_SemIII_B: DV_Helper!$A$457:$A$464
Name Editing_SemIII_C: DV_Helper!$A$465:$A$472
Name Editing_SemIII_D: DV_Helper!$A$473:$A$480
Name Editing_SemIV_A: DV_Helper!$A$643:$A$650
Name Editing_SemIV_B: DV_Helper!$A$651:$A$658

Sheet Evaluation Sheet
A1: B.A. Filmmaking – Integrated Final Working System
A2: For Excel: grade and comment dropdowns work directly. For Google Sheets: use Comment Matrix to review combinations and apply dropdowns natively if needed.
A3: Student Name | B3: Roll No. | C3: Department / Specialisation | D3: Sem I Screenwriting Grade | E3: Sem I Screenwriting Comment | F3: Sem I Direction Grade | G3: Sem I Direction Comment | H3: Sem I Production Grade | I3: Sem I Production Comment | J3: Sem I Cine Grade | K3: Sem I Cine Comment | L3: Sem I Sound Grade | M3: Sem I Sound Comment | N3: Sem I Edit Grade | O3: Sem I Edit Comment | P3: Sem II Screenwriting Grade | Q3: Sem II Screenwriting Comment | R3: Sem II Direction Grade | S3: Sem II Direction Comment | T3: Sem II Production Grade | U3: Sem II Production Comment | V3: Sem II Cine Grade | W3: Sem II Cine Comment | X3: Sem II Sound Grade | Y3: Sem II Sound Comment | Z3: Sem II Edit Grade | AA3: Sem II Edit Comment | AB3: Sem III Specialisation Grade | AC3: Sem III Specialisation Comment | AD3: Sem III Direction Grade | AE3: Sem III Direction Comment | AF3: Sem III Production Grade | AG3: Sem III Production Comment | AH3: Sem IV Specialisation Grade | AI3: Sem IV Specialisation Comment | AJ3: Sem IV Direction Grade | AK3: Sem IV Direction Comment | AL3: Sem IV Production Grade | AM3: Sem IV Production Comment | AN3: Sem V Specialisation Grade | AO3: Sem V Specialisation Comment | AP3: Sem V Direction Grade | AQ3: Sem V Direction Comment | AR3: Sem V Production Grade | AS3: Sem V Production Comment | AT3: Sem VI Specialisation Grade | AU3: Sem VI Specialisation Comment | AV3: Sem VI Direction Grade | AW3: Sem VI Direction Comment | AX3: Sem VI Production Grade | AY3: Sem VI Production Comment | AZ3: Creative Comment | BA3: Technical Comment | BB3: Professional Comment | BC3: Final % | BD3: Final Grade | BE3: Portfolio URL
A4: SRIRAM | B4: 1 | C4: Cinematography | D4: C | E4: Needs stronger control over narrative progression to meet foundation writing expectations more consistently. | F4: C | G4: Reflects basic narrative control, though consistency against foundational understanding expectations needs improvement. | H4: A | I4: Production: Successfully achieves semi-aligned outcomes that bridge the gap between creative experimentation and disciplined production. | J4: C | K4: Cinematography: Camera angles are used without clear purpose or variation. | L4: D | M4: Sound Design: Requires significant improvement in Portable Audio Recording Devices. | N4: C | O4: Editing: Shot lengths feel random; pacing does not support mood or engagement. | P4: C | Q4: Screenwriting: Conflict is underdeveloped or unclear, reducing engagement. | R4: D | S4: Direction: Fails to use visualisation tools required for planning scenes. | T4: D | U4: Production: Significant gaps in foundational knowledge are hindering the ability to complete Semester tasks effectively. | V4: B | W4: Cinematography: Indicates some connection between emotion and movement, though not fully developed. | X4: C | Y4: Sound Design: Basic capability in Sound Recording & Sound Editing of Dialogue Scenes. | Z4: C | AA4: Editing: Basic understanding present across dialogue, montage, and sound, but execution is inconsistent. | AB4: A | AC4: Cinematography: Executes camera movements with clear narrative intent, effectively supporting storytelling. | AD4: A | AE4: Direction: Demonstrates a strong documentary vision with clear thematic focus, while further deepening observational nuance. | AF4: B | AG4: Production: Demonstrates a successful grasp of advanced Sem concepts, applying them effectively to reach multifaceted outcomes. | AH4: D | AI4: Cinematography: Does not demonstrate understanding of color correction or visual continuity. | AJ4: A | AK4: Direction: Integrates all departments cohesively, though minor inconsistencies in tonal control can be improved. | AL4: B | AM4: Production: Demonstrates a solid grasp of professional-level tasks, successfully applying Sem theory to produce effective, high-quality outcomes. | AN4: C | AO4: Cinematography: Shows limited understanding of cinematography styles and their application. | AP4: A | AQ4: Direction: Shows excellent understanding of VOD storytelling dynamics, while pushing for more innovative visual treatment. | AR4: D | AS4: Production: Significant gaps in specialized knowledge are preventing the successful execution of advanced Semester production tasks. | AT4: D | AU4: Cinematography: Struggles to interpret and translate direction into cinematographic decisions. | AV4: C | AW4: Direction: Actor direction is inconsistent, affecting performance quality. | AX4: C | AY4: Production: Demonstrates the basic capability required to complete the capstone, though the final work lacks the depth of a specialized professional. | AZ4: Indicates basic narrative sensitivity, though consistency against professional readiness and final output expectations needs improvement. | BA4: Needs stronger control over tool command to meet professional readiness and final output expectations more consistently. | BB4: Requires better control over professional attitude to meet professional readiness and final output expectations more consistently. | BC4: =IFERROR((COUNTIF(D4:AX4,"A")*4+COUNTIF(D4:AX4,"B")*3+COUNTIF(D4:AX4,"C")*2+COUNTIF(D4:AX4,"D")*1)/(COUNTIF(D4:AX4,"A")+COUNTIF(D4:AX4,"B")+COUNTIF(D4:AX4,"C")+COUNTIF(D4:AX4,"D"))*25,"") -> 57.291667 | BD4: =IF(BC4="","",IF(BC4>=85,"A",IF(BC4>=70,"B",IF(BC4>=50,"C","D")))) -> C | BG4: =IF(D4="","",IF(D4="A",90,IF(D4="B",75,IF(D4="C",60,45)))) -> 60 | BH4: =IF(F4="","",IF(F4="A",90,IF(F4="B",75,IF(F4="C",60,45)))) -> 60 | BI4: =IF(H4="","",IF(H4="A",90,IF(H4="B",75,IF(H4="C",60,45)))) -> 90 | BJ4: =IF(J4="","",IF(J4="A",90,IF(J4="B",75,IF(J4="C",60,45)))) -> 60 | BK4: =IF(L4="","",IF(L4="A",90,IF(L4="B",75,IF(L4="C",60,45)))) -> 45 | BL4: =IF(N4="","",IF(N4="A",90,IF(N4="B",75,IF(N4="C",60,45)))) -> 60 | BM4: =IF(P4="","",IF(P4="A",90,IF(P4="B",75,IF(P4="C",60,45)))) -> 60 | BN4: =IF(R4="","",IF(R4="A",90,IF(R4="B",75,IF(R4="C",60,45)))) -> 45 | BO4: =IF(T4="","",IF(T4="A",90,IF(T4="B",75,IF(T4="C",60,45)))) -> 45 | BP4: =IF(V4="","",IF(V4="A",90,IF(V4="B",75,IF(V4="C",60,45)))) -> 75 | BQ4: =IF(X4="","",IF(X4="A",90,IF(X4="B",75,IF(X4="C",60,45)))) -> 60 | BR4: =IF(Z4="","",IF(Z4="A",90,IF(Z4="B",75,IF(Z4="C",60,45)))) -> 60 | BS4: =IF(AB4="","",IF(AB4="A",90,IF(AB4="B",75,IF(AB4="C",60,45)))) -> 90 | BT4: =IF(AD4="","",IF(AD4="A",90,IF(AD4="B",75,IF(AD4="C",60,45)))) -> 90 | BU4: =IF(AF4="","",IF(AF4="A",90,IF(AF4="B",75,IF(AF4="C",60,45)))) -> 75 | BV4: =IF(AH4="","",IF(AH4="A",90,IF(AH4="B",75,IF(AH4="C",60,45)))) -> 45 | BW4: =IF(AJ4="","",IF(AJ4="A",90,IF(AJ4="B",75,IF(AJ4="C",60,45)))) -> 90 | BX4: =IF(AL4="","",IF(AL4="A",90,IF(AL4="B",75,IF(AL4="C",60,45)))) -> 75 | BY4: =IF(AN4="","",IF(AN4="A",90,IF(AN4="B",75,IF(AN4="C",60,45)))) -> 60 | BZ4: =IF(AP4="","",IF(AP4="A",90,IF(AP4="B",75,IF(AP4="C",60,45)))) -> 90 | CA4: =IF(AR4="","",IF(AR4="A",90,IF(AR4="B",75,IF(AR4="C",60,45)))) -> 45 | CB4: =IF(AT4="","",IF(AT4="A",90,IF(AT4="B",75,IF(AT4="C",60,45)))) -> 45 | CC4: =IF(AV4="","",IF(AV4="A",90,IF(AV4="B",75,IF(AV4="C",60,45)))) -> 60 | CD4: =IF(AX4="","",IF(AX4="A",90,IF(AX4="B",75,IF(AX4="C",60,45)))) -> 60
A5: SISTLA | B5: 2 | H5: D | I5: Production: The final outcome shows limited alignment with the project requirements, necessitating a more focused approach to the brief. | T5: D | U5: Production: Requires significant improvement in fundamentals and execution for sem ii (5). | BC5: =IFERROR((COUNTIF(D5:AX5,"A")*4+COUNTIF(D5:AX5,"B")*3+COUNTIF(D5:AX5,"C")*2+COUNTIF(D5:AX5,"D")*1)/(COUNTIF(D5:AX5,"A")+COUNTIF(D5:AX5,"B")+COUNTIF(D5:AX5,"C")+COUNTIF(D5:AX5,"D"))*25,"") -> 25 | BD5: =IF(BC5="","",IF(BC5>=85,"A",IF(BC5>=70,"B",IF(BC5>=50,"C","D")))) -> D | BG5: =IF(D5="","",IF(D5="A",90,IF(D5="B",75,IF(D5="C",60,45)))) | BH5: =IF(F5="","",IF(F5="A",90,IF(F5="B",75,IF(F5="C",60,45)))) | BI5: =IF(H5="","",IF(H5="A",90,IF(H5="B",75,IF(H5="C",60,45)))) -> 45 | BJ5: =IF(J5="","",IF(J5="A",90,IF(J5="B",75,IF(J5="C",60,45)))) | BK5: =IF(L5="","",IF(L5="A",90,IF(L5="B",75,IF(L5="C",60,45)))) | BL5: =IF(N5="","",IF(N5="A",90,IF(N5="B",75,IF(N5="C",60,45)))) | BM5: =IF(P5="","",IF(P5="A",90,IF(P5="B",75,IF(P5="C",60,45)))) | BN5: =IF(R5="","",IF(R5="A",90,IF(R5="B",75,IF(R5="C",60,45)))) | BO5: =IF(T5="","",IF(T5="A",90,IF(T5="B",75,IF(T5="C",60,45)))) -> 45 | BP5: =IF(V5="","",IF(V5="A",90,IF(V5="B",75,IF(V5="C",60,45)))) | BQ5: =IF(X5="","",IF(X5="A",90,IF(X5="B",75,IF(X5="C",60,45)))) | BR5: =IF(Z5="","",IF(Z5="A",90,IF(Z5="B",75,IF(Z5="C",60,45)))) | BS5: =IF(AB5="","",IF(AB5="A",90,IF(AB5="B",75,IF(AB5="C",60,45)))) | BT5: =IF(AD5="","",IF(AD5="A",90,IF(AD5="B",75,IF(AD5="C",60,45)))) | BU5: =IF(AF5="","",IF(AF5="A",90,IF(AF5="B",75,IF(AF5="C",60,45)))) | BV5: =IF(AH5="","",IF(AH5="A",90,IF(AH5="B",75,IF(AH5="C",60,45)))) | BW5: =IF(AJ5="","",IF(AJ5="A",90,IF(AJ5="B",75,IF(AJ5="C",60,45)))) | BX5: =IF(AL5="","",IF(AL5="A",90,IF(AL5="B",75,IF(AL5="C",60,45)))) | BY5: =IF(AN5="","",IF(AN5="A",90,IF(AN5="B",75,IF(AN5="C",60,45)))) | BZ5: =IF(AP5="","",IF(AP5="A",90,IF(AP5="B",75,IF(AP5="C",60,45)))) | CA5: =IF(AR5="","",IF(AR5="A",90,IF(AR5="B",75,IF(AR5="C",60,45)))) | CB5: =IF(AT5="","",IF(AT5="A",90,IF(AT5="B",75,IF(AT5="C",60,45)))) | CC5: =IF(AV5="","",IF(AV5="A",90,IF(AV5="B",75,IF(AV5="C",60,45)))) | CD5: =IF(AX5="","",IF(AX5="A",90,IF(AX5="B",75,IF(AX5="C",60,45))))
A6: PRAVEEN | B6: 3 | BC6: =IFERROR((COUNTIF(D6:AX6,"A")*4+COUNTIF(D6:AX6,"B")*3+COUNTIF(D6:AX6,"C")*2+COUNTIF(D6:AX6,"D")*1)/(COUNTIF(D6:AX6,"A")+COUNTIF(D6:AX6,"B")+COUNTIF(D6:AX6,"C")+COUNTIF(D6:AX6,"D"))*25,"") | BD6: =IF(BC6="","",IF(BC6>=85,"A",IF(BC6>=70,"B",IF(BC6>=50,"C","D")))) | BG6: =IF(D6="","",IF(D6="A",90,IF(D6="B",75,IF(D6="C",60,45)))) | BH6: =IF(F6="","",IF(F6="A",90,IF(F6="B",75,IF(F6="C",60,45)))) | BI6: =IF(H6="","",IF(H6="A",90,IF(H6="B",75,IF(H6="C",60,45)))) | BJ6: =IF(J6="","",IF(J6="A",90,IF(J6="B",75,IF(J6="C",60,45)))) | BK6: =IF(L6="","",IF(L6="A",90,IF(L6="B",75,IF(L6="C",60,45)))) | BL6: =IF(N6="","",IF(N6="A",90,IF(N6="B",75,IF(N6="C",60,45)))) | BM6: =IF(P6="","",IF(P6="A",90,IF(P6="B",75,IF(P6="C",60,45)))) | BN6: =IF(R6="","",IF(R6="A",90,IF(R6="B",75,IF(R6="C",60,45)))) | BO6: =IF(T6="","",IF(T6="A",90,IF(T6="B",75,IF(T6="C",60,45)))) | BP6: =IF(V6="","",IF(V6="A",90,IF(V6="B",75,IF(V6="C",60,45)))) | BQ6: =IF(X6="","",IF(X6="A",90,IF(X6="B",75,IF(X6="C",60,45)))) | BR6: =IF(Z6="","",IF(Z6="A",90,IF(Z6="B",75,IF(Z6="C",60,45)))) | BS6: =IF(AB6="","",IF(AB6="A",90,IF(AB6="B",75,IF(AB6="C",60,45)))) | BT6: =IF(AD6="","",IF(AD6="A",90,IF(AD6="B",75,IF(AD6="C",60,45)))) | BU6: =IF(AF6="","",IF(AF6="A",90,IF(AF6="B",75,IF(AF6="C",60,45)))) | BV6: =IF(AH6="","",IF(AH6="A",90,IF(AH6="B",75,IF(AH6="C",60,45)))) | BW6: =IF(AJ6="","",IF(AJ6="A",90,IF(AJ6="B",75,IF(AJ6="C",60,45)))) | BX6: =IF(AL6="","",IF(AL6="A",90,IF(AL6="B",75,IF(AL6="C",60,45)))) | BY6: =IF(AN6="","",IF(AN6="A",90,IF(AN6="B",75,IF(AN6="C",60,45)))) | BZ6: =IF(AP6="","",IF(AP6="A",90,IF(AP6="B",75,IF(AP6="C",60,45)))) | CA6: =IF(AR6="","",IF(AR6="A",90,IF(AR6="B",75,IF(AR6="C",60,45)))) | CB6: =IF(AT6="","",IF(AT6="A",90,IF(AT6="B",75,IF(AT6="C",60,45)))) | CC6: =IF(AV6="","",IF(AV6="A",90,IF(AV6="B",75,IF(AV6="C",60,45)))) | CD6: =IF(AX6="","",IF(AX6="A",90,IF(AX6="B",75,IF(AX6="C",60,45))))
B7: 4 | BC7: =IFERROR((COUNTIF(D7:AX7,"A")*4+COUNTIF(D7:AX7,"B")*3+COUNTIF(D7:AX7,"C")*2+COUNTIF(D7:AX7,"D")*1)/(COUNTIF(D7:AX7,"A")+COUNTIF(D7:AX7,"B")+COUNTIF(D7:AX7,"C")+COUNTIF(D7:AX7,"D"))*25,"") | BD7: =IF(BC7="","",IF(BC7>=85,"A",IF(BC7>=70,"B",IF(BC7>=50,"C","D")))) | BG7: =IF(D7="","",IF(D7="A",90,IF(D7="B",75,IF(D7="C",60,45)))) | BH7: =IF(F7="","",IF(F7="A",90,IF(F7="B",75,IF(F7="C",60,45)))) | BI7: =IF(H7="","",IF(H7="A",90,IF(H7="B",75,IF(H7="C",60,45)))) | BJ7: =IF(J7="","",IF(J7="A",90,IF(J7="B",75,IF(J7="C",60,45)))) | BK7: =IF(L7="","",IF(L7="A",90,IF(L7="B",75,IF(L7="C",60,45)))) | BL7: =IF(N7="","",IF(N7="A",90,IF(N7="B",75,IF(N7="C",60,45)))) | BM7: =IF(P7="","",IF(P7="A",90,IF(P7="B",75,IF(P7="C",60,45)))) | BN7: =IF(R7="","",IF(R7="A",90,IF(R7="B",75,IF(R7="C",60,45)))) | BO7: =IF(T7="","",IF(T7="A",90,IF(T7="B",75,IF(T7="C",60,45)))) | BP7: =IF(V7="","",IF(V7="A",90,IF(V7="B",75,IF(V7="C",60,45)))) | BQ7: =IF(X7="","",IF(X7="A",90,IF(X7="B",75,IF(X7="C",60,45)))) | BR7: =IF(Z7="","",IF(Z7="A",90,IF(Z7="B",75,IF(Z7="C",60,45)))) | BS7: =IF(AB7="","",IF(AB7="A",90,IF(AB7="B",75,IF(AB7="C",60,45)))) | BT7: =IF(AD7="","",IF(AD7="A",90,IF(AD7="B",75,IF(AD7="C",60,45)))) | BU7: =IF(AF7="","",IF(AF7="A",90,IF(AF7="B",75,IF(AF7="C",60,45)))) | BV7: =IF(AH7="","",IF(AH7="A",90,IF(AH7="B",75,IF(AH7="C",60,45)))) | BW7: =IF(AJ7="","",IF(AJ7="A",90,IF(AJ7="B",75,IF(AJ7="C",60,45)))) | BX7: =IF(AL7="","",IF(AL7="A",90,IF(AL7="B",75,IF(AL7="C",60,45)))) | BY7: =IF(AN7="","",IF(AN7="A",90,IF(AN7="B",75,IF(AN7="C",60,45)))) | BZ7: =IF(AP7="","",IF(AP7="A",90,IF(AP7="B",75,IF(AP7="C",60,45)))) | CA7: =IF(AR7="","",IF(AR7="A",90,IF(AR7="B",75,IF(AR7="C",60,45)))) | CB7: =IF(AT7="","",IF(AT7="A",90,IF(AT7="B",75,IF(AT7="C",60,45)))) | CC7: =IF(AV7="","",IF(AV7="A",90,IF(AV7="B",75,IF(AV7="C",60,45)))) | CD7: =IF(AX7="","",IF(AX7="A",90,IF(AX7="B",75,IF(AX7="C",60,45))))
BC8: =IFERROR((COUNTIF(D8:AX8,"A")*4+COUNTIF(D8:AX8,"B")*3+COUNTIF(D8:AX8,"C")*2+COUNTIF(D8:AX8,"D")*1)/(COUNTIF(D8:AX8,"A")+COUNTIF(D8:AX8,"B")+COUNTIF(D8:AX8,"C")+COUNTIF(D8:AX8,"D"))*25,"") | BD8: =IF(BC8="","",IF(BC8>=85,"A",IF(BC8>=70,"B",IF(BC8>=50,"C","D")))) | BG8: =IF(D8="","",IF(D8="A",90,IF(D8="B",75,IF(D8="C",60,45)))) | BH8: =IF(F8="","",IF(F8="A",90,IF(F8="B",75,IF(F8="C",60,45)))) | BI8: =IF(H8="","",IF(H8="A",90,IF(H8="B",75,IF(H8="C",60,45)))) | BJ8: =IF(J8="","",IF(J8="A",90,IF(J8="B",75,IF(J8="C",60,45)))) | BK8: =IF(L8="","",IF(L8="A",90,IF(L8="B",75,IF(L8="C",60,45)))) | BL8: =IF(N8="","",IF(N8="A",90,IF(N8="B",75,IF(N8="C",60,45)))) | BM8: =IF(P8="","",IF(P8="A",90,IF(P8="B",75,IF(P8="C",60,45)))) | BN8: =IF(R8="","",IF(R8="A",90,IF(R8="B",75,IF(R8="C",60,45)))) | BO8: =IF(T8="","",IF(T8="A",90,IF(T8="B",75,IF(T8="C",60,45)))) | BP8: =IF(V8="","",IF(V8="A",90,IF(V8="B",75,IF(V8="C",60,45)))) | BQ8: =IF(X8="","",IF(X8="A",90,IF(X8="B",75,IF(X8="C",60,45)))) | BR8: =IF(Z8="","",IF(Z8="A",90,IF(Z8="B",75,IF(Z8="C",60,45)))) | BS8: =IF(AB8="","",IF(AB8="A",90,IF(AB8="B",75,IF(AB8="C",60,45)))) | BT8: =IF(AD8="","",IF(AD8="A",90,IF(AD8="B",75,IF(AD8="C",60,45)))) | BU8: =IF(AF8="","",IF(AF8="A",90,IF(AF8="B",75,IF(AF8="C",60,45)))) | BV8: =IF(AH8="","",IF(AH8="A",90,IF(AH8="B",75,IF(AH8="C",60,45)))) | BW8: =IF(AJ8="","",IF(AJ8="A",90,IF(AJ8="B",75,IF(AJ8="C",60,45)))) | BX8: =IF(AL8="","",IF(AL8="A",90,IF(AL8="B",75,IF(AL8="C",60,45)))) | BY8: =IF(AN8="","",IF(AN8="A",90,IF(AN8="B",75,IF(AN8="C",60,45)))) | BZ8: =IF(AP8="","",IF(AP8="A",90,IF(AP8="B",75,IF(AP8="C",60,45)))) | CA8: =IF(AR8="","",IF(AR8="A",90,IF(AR8="B",75,IF(AR8="C",60,45)))) | CB8: =IF(AT8="","",IF(AT8="A",90,IF(AT8="B",75,IF(AT8="C",60,45)))) | CC8: =IF(AV8="","",IF(AV8="A",90,IF(AV8="B",75,IF(AV8="C",60,45)))) | CD8: =IF(AX8="","",IF(AX8="A",90,IF(AX8="B",75,IF(AX8="C",60,45))))
BC9: =IFERROR((COUNTIF(D9:AX9,"A")*4+COUNTIF(D9:AX9,"B")*3+COUNTIF(D9:AX9,"C")*2+COUNTIF(D9:AX9,"D")*1)/(COUNTIF(D9:AX9,"A")+COUNTIF(D9:AX9,"B")+COUNTIF(D9:AX9,"C")+COUNTIF(D9:AX9,"D"))*25,"") | BD9: =IF(BC9="","",IF(BC9>=85,"A",IF(BC9>=70,"B",IF(BC9>=50,"C","D")))) | BG9: =IF(D9="","",IF(D9="A",90,IF(D9="B",75,IF(D9="C",60,45)))) | BH9: =IF(F9="","",IF(F9="A",90,IF(F9="B",75,IF(F9="C",60,45)))) | BI9: =IF(H9="","",IF(H9="A",90,IF(H9="B",75,IF(H9="C",60,45)))) | BJ9: =IF(J9="","",IF(J9="A",90,IF(J9="B",75,IF(J9="C",60,45)))) | BK9: =IF(L9="","",IF(L9="A",90,IF(L9="B",75,IF(L9="C",60,45)))) | BL9: =IF(N9="","",IF(N9="A",90,IF(N9="B",75,IF(N9="C",60,45)))) | BM9: =IF(P9="","",IF(P9="A",90,IF(P9="B",75,IF(P9="C",60,45)))) | BN9: =IF(R9="","",IF(R9="A",90,IF(R9="B",75,IF(R9="C",60,45)))) | BO9: =IF(T9="","",IF(T9="A",90,IF(T9="B",75,IF(T9="C",60,45)))) | BP9: =IF(V9="","",IF(V9="A",90,IF(V9="B",75,IF(V9="C",60,45)))) | BQ9: =IF(X9="","",IF(X9="A",90,IF(X9="B",75,IF(X9="C",60,45)))) | BR9: =IF(Z9="","",IF(Z9="A",90,IF(Z9="B",75,IF(Z9="C",60,45)))) | BS9: =IF(AB9="","",IF(AB9="A",90,IF(AB9="B",75,IF(AB9="C",60,45)))) | BT9: =IF(AD9="","",IF(AD9="A",90,IF(AD9="B",75,IF(AD9="C",60,45)))) | BU9: =IF(AF9="","",IF(AF9="A",90,IF(AF9="B",75,IF(AF9="C",60,45)))) | BV9: =IF(AH9="","",IF(AH9="A",90,IF(AH9="B",75,IF(AH9="C",60,45)))) | BW9: =IF(AJ9="","",IF(AJ9="A",90,IF(AJ9="B",75,IF(AJ9="C",60,45)))) | BX9: =IF(AL9="","",IF(AL9="A",90,IF(AL9="B",75,IF(AL9="C",60,45)))) | BY9: =IF(AN9="","",IF(AN9="A",90,IF(AN9="B",75,IF(AN9="C",60,45)))) | BZ9: =IF(AP9="","",IF(AP9="A",90,IF(AP9="B",75,IF(AP9="C",60,45)))) | CA9: =IF(AR9="","",IF(AR9="A",90,IF(AR9="B",75,IF(AR9="C",60,45)))) | CB9: =IF(AT9="","",IF(AT9="A",90,IF(AT9="B",75,IF(AT9="C",60,45)))) | CC9: =IF(AV9="","",IF(AV9="A",90,IF(AV9="B",75,IF(AV9="C",60,45)))) | CD9: =IF(AX9="","",IF(AX9="A",90,IF(AX9="B",75,IF(AX9="C",60,45))))
BC10: =IFERROR((COUNTIF(D10:AX10,"A")*4+COUNTIF(D10:AX10,"B")*3+COUNTIF(D10:AX10,"C")*2+COUNTIF(D10:AX10,"D")*1)/(COUNTIF(D10:AX10,"A")+COUNTIF(D10:AX10,"B")+COUNTIF(D10:AX10,"C")+COUNTIF(D10:AX10,"D"))*25,"") | BD10: =IF(BC10="","",IF(BC10>=85,"A",IF(BC10>=70,"B",IF(BC10>=50,"C","D")))) | BG10: =IF(D10="","",IF(D10="A",90,IF(D10="B",75,IF(D10="C",60,45)))) | BH10: =IF(F10="","",IF(F10="A",90,IF(F10="B",75,IF(F10="C",60,45)))) | BI10: =IF(H10="","",IF(H10="A",90,IF(H10="B",75,IF(H10="C",60,45)))) | BJ10: =IF(J10="","",IF(J10="A",90,IF(J10="B",75,IF(J10="C",60,45)))) | BK10: =IF(L10="","",IF(L10="A",90,IF(L10="B",75,IF(L10="C",60,45)))) | BL10: =IF(N10="","",IF(N10="A",90,IF(N10="B",75,IF(N10="C",60,45)))) | BM10: =IF(P10="","",IF(P10="A",90,IF(P10="B",75,IF(P10="C",60,45)))) | BN10: =IF(R10="","",IF(R10="A",90,IF(R10="B",75,IF(R10="C",60,45)))) | BO10: =IF(T10="","",IF(T10="A",90,IF(T10="B",75,IF(T10="C",60,45)))) | BP10: =IF(V10="","",IF(V10="A",90,IF(V10="B",75,IF(V10="C",60,45)))) | BQ10: =IF(X10="","",IF(X10="A",90,IF(X10="B",75,IF(X10="C",60,45)))) | BR10: =IF(Z10="","",IF(Z10="A",90,IF(Z10="B",75,IF(Z10="C",60,45)))) | BS10: =IF(AB10="","",IF(AB10="A",90,IF(AB10="B",75,IF(AB10="C",60,45)))) | BT10: =IF(AD10="","",IF(AD10="A",90,IF(AD10="B",75,IF(AD10="C",60,45)))) | BU10: =IF(AF10="","",IF(AF10="A",90,IF(AF10="B",75,IF(AF10="C",60,45)))) | BV10: =IF(AH10="","",IF(AH10="A",90,IF(AH10="B",75,IF(AH10="C",60,45)))) | BW10: =IF(AJ10="","",IF(AJ10="A",90,IF(AJ10="B",75,IF(AJ10="C",60,45)))) | BX10: =IF(AL10="","",IF(AL10="A",90,IF(AL10="B",75,IF(AL10="C",60,45)))) | BY10: =IF(AN10="","",IF(AN10="A",90,IF(AN10="B",75,IF(AN10="C",60,45)))) | BZ10: =IF(AP10="","",IF(AP10="A",90,IF(AP10="B",75,IF(AP10="C",60,45)))) | CA10: =IF(AR10="","",IF(AR10="A",90,IF(AR10="B",75,IF(AR10="C",60,45)))) | CB10: =IF(AT10="","",IF(AT10="A",90,IF(AT10="B",75,IF(AT10="C",60,45)))) | CC10: =IF(AV10="","",IF(AV10="A",90,IF(AV10="B",75,IF(AV10="C",60,45)))) | CD10: =IF(AX10="","",IF(AX10="A",90,IF(AX10="B",75,IF(AX10="C",60,45))))
BC11: =IFERROR((COUNTIF(D11:AX11,"A")*4+COUNTIF(D11:AX11,"B")*3+COUNTIF(D11:AX11,"C")*2+COUNTIF(D11:AX11,"D")*1)/(COUNTIF(D11:AX11,"A")+COUNTIF(D11:AX11,"B")+COUNTIF(D11:AX11,"C")+COUNTIF(D11:AX11,"D"))*25,"") | BD11: =IF(BC11="","",IF(BC11>=85,"A",IF(BC11>=70,"B",IF(BC11>=50,"C","D")))) | BG11: =IF(D11="","",IF(D11="A",90,IF(D11="B",75,IF(D11="C",60,45)))) | BH11: =IF(F11="","",IF(F11="A",90,IF(F11="B",75,IF(F11="C",60,45)))) | BI11: =IF(H11="","",IF(H11="A",90,IF(H11="B",75,IF(H11="C",60,45)))) | BJ11: =IF(J11="","",IF(J11="A",90,IF(J11="B",75,IF(J11="C",60,45)))) | BK11: =IF(L11="","",IF(L11="A",90,IF(L11="B",75,IF(L11="C",60,45)))) | BL11: =IF(N11="","",IF(N11="A",90,IF(N11="B",75,IF(N11="C",60,45)))) | BM11: =IF(P11="","",IF(P11="A",90,IF(P11="B",75,IF(P11="C",60,45)))) | BN11: =IF(R11="","",IF(R11="A",90,IF(R11="B",75,IF(R11="C",60,45)))) | BO11: =IF(T11="","",IF(T11="A",90,IF(T11="B",75,IF(T11="C",60,45)))) | BP11: =IF(V11="","",IF(V11="A",90,IF(V11="B",75,IF(V11="C",60,45)))) | BQ11: =IF(X11="","",IF(X11="A",90,IF(X11="B",75,IF(X11="C",60,45)))) | BR11: =IF(Z11="","",IF(Z11="A",90,IF(Z11="B",75,IF(Z11="C",60,45)))) | BS11: =IF(AB11="","",IF(AB11="A",90,IF(AB11="B",75,IF(AB11="C",60,45)))) | BT11: =IF(AD11="","",IF(AD11="A",90,IF(AD11="B",75,IF(AD11="C",60,45)))) | BU11: =IF(AF11="","",IF(AF11="A",90,IF(AF11="B",75,IF(AF11="C",60,45)))) | BV11: =IF(AH11="","",IF(AH11="A",90,IF(AH11="B",75,IF(AH11="C",60,45)))) | BW11: =IF(AJ11="","",IF(AJ11="A",90,IF(AJ11="B",75,IF(AJ11="C",60,45)))) | BX11: =IF(AL11="","",IF(AL11="A",90,IF(AL11="B",75,IF(AL11="C",60,45)))) | BY11: =IF(AN11="","",IF(AN11="A",90,IF(AN11="B",75,IF(AN11="C",60,45)))) | BZ11: =IF(AP11="","",IF(AP11="A",90,IF(AP11="B",75,IF(AP11="C",60,45)))) | CA11: =IF(AR11="","",IF(AR11="A",90,IF(AR11="B",75,IF(AR11="C",60,45)))) | CB11: =IF(AT11="","",IF(AT11="A",90,IF(AT11="B",75,IF(AT11="C",60,45)))) | CC11: =IF(AV11="","",IF(AV11="A",90,IF(AV11="B",75,IF(AV11="C",60,45)))) | CD11: =IF(AX11="","",IF(AX11="A",90,IF(AX11="B",75,IF(AX11="C",60,45))))
BC12: =IFERROR((COUNTIF(D12:AX12,"A")*4+COUNTIF(D12:AX12,"B")*3+COUNTIF(D12:AX12,"C")*2+COUNTIF(D12:AX12,"D")*1)/(COUNTIF(D12:AX12,"A")+COUNTIF(D12:AX12,"B")+COUNTIF(D12:AX12,"C")+COUNTIF(D12:AX12,"D"))*25,"") | BD12: =IF(BC12="","",IF(BC12>=85,"A",IF(BC12>=70,"B",IF(BC12>=50,"C","D")))) | BG12: =IF(D12="","",IF(D12="A",90,IF(D12="B",75,IF(D12="C",60,45)))) | BH12: =IF(F12="","",IF(F12="A",90,IF(F12="B",75,IF(F12="C",60,45)))) | BI12: =IF(H12="","",IF(H12="A",90,IF(H12="B",75,IF(H12="C",60,45)))) | BJ12: =IF(J12="","",IF(J12="A",90,IF(J12="B",75,IF(J12="C",60,45)))) | BK12: =IF(L12="","",IF(L12="A",90,IF(L12="B",75,IF(L12="C",60,45)))) | BL12: =IF(N12="","",IF(N12="A",90,IF(N12="B",75,IF(N12="C",60,45)))) | BM12: =IF(P12="","",IF(P12="A",90,IF(P12="B",75,IF(P12="C",60,45)))) | BN12: =IF(R12="","",IF(R12="A",90,IF(R12="B",75,IF(R12="C",60,45)))) | BO12: =IF(T12="","",IF(T12="A",90,IF(T12="B",75,IF(T12="C",60,45)))) | BP12: =IF(V12="","",IF(V12="A",90,IF(V12="B",75,IF(V12="C",60,45)))) | BQ12: =IF(X12="","",IF(X12="A",90,IF(X12="B",75,IF(X12="C",60,45)))) | BR12: =IF(Z12="","",IF(Z12="A",90,IF(Z12="B",75,IF(Z12="C",60,45)))) | BS12: =IF(AB12="","",IF(AB12="A",90,IF(AB12="B",75,IF(AB12="C",60,45)))) | BT12: =IF(AD12="","",IF(AD12="A",90,IF(AD12="B",75,IF(AD12="C",60,45)))) | BU12: =IF(AF12="","",IF(AF12="A",90,IF(AF12="B",75,IF(AF12="C",60,45)))) | BV12: =IF(AH12="","",IF(AH12="A",90,IF(AH12="B",75,IF(AH12="C",60,45)))) | BW12: =IF(AJ12="","",IF(AJ12="A",90,IF(AJ12="B",75,IF(AJ12="C",60,45)))) | BX12: =IF(AL12="","",IF(AL12="A",90,IF(AL12="B",75,IF(AL12="C",60,45)))) | BY12: =IF(AN12="","",IF(AN12="A",90,IF(AN12="B",75,IF(AN12="C",60,45)))) | BZ12: =IF(AP12="","",IF(AP12="A",90,IF(AP12="B",75,IF(AP12="C",60,45)))) | CA12: =IF(AR12="","",IF(AR12="A",90,IF(AR12="B",75,IF(AR12="C",60,45)))) | CB12: =IF(AT12="","",IF(AT12="A",90,IF(AT12="B",75,IF(AT12="C",60,45)))) | CC12: =IF(AV12="","",IF(AV12="A",90,IF(AV12="B",75,IF(AV12="C",60,45)))) | CD12: =IF(AX12="","",IF(AX12="A",90,IF(AX12="B",75,IF(AX12="C",60,45))))
BC13: =IFERROR((COUNTIF(D13:AX13,"A")*4+COUNTIF(D13:AX13,"B")*3+COUNTIF(D13:AX13,"C")*2+COUNTIF(D13:AX13,"D")*1)/(COUNTIF(D13:AX13,"A")+COUNTIF(D13:AX13,"B")+COUNTIF(D13:AX13,"C")+COUNTIF(D13:AX13,"D"))*25,"") | BD13: =IF(BC13="","",IF(BC13>=85,"A",IF(BC13>=70,"B",IF(BC13>=50,"C","D")))) | BG13: =IF(D13="","",IF(D13="A",90,IF(D13="B",75,IF(D13="C",60,45)))) | BH13: =IF(F13="","",IF(F13="A",90,IF(F13="B",75,IF(F13="C",60,45)))) | BI13: =IF(H13="","",IF(H13="A",90,IF(H13="B",75,IF(H13="C",60,45)))) | BJ13: =IF(J13="","",IF(J13="A",90,IF(J13="B",75,IF(J13="C",60,45)))) | BK13: =IF(L13="","",IF(L13="A",90,IF(L13="B",75,IF(L13="C",60,45)))) | BL13: =IF(N13="","",IF(N13="A",90,IF(N13="B",75,IF(N13="C",60,45)))) | BM13: =IF(P13="","",IF(P13="A",90,IF(P13="B",75,IF(P13="C",60,45)))) | BN13: =IF(R13="","",IF(R13="A",90,IF(R13="B",75,IF(R13="C",60,45)))) | BO13: =IF(T13="","",IF(T13="A",90,IF(T13="B",75,IF(T13="C",60,45)))) | BP13: =IF(V13="","",IF(V13="A",90,IF(V13="B",75,IF(V13="C",60,45)))) | BQ13: =IF(X13="","",IF(X13="A",90,IF(X13="B",75,IF(X13="C",60,45)))) | BR13: =IF(Z13="","",IF(Z13="A",90,IF(Z13="B",75,IF(Z13="C",60,45)))) | BS13: =IF(AB13="","",IF(AB13="A",90,IF(AB13="B",75,IF(AB13="C",60,45)))) | BT13: =IF(AD13="","",IF(AD13="A",90,IF(AD13="B",75,IF(AD13="C",60,45)))) | BU13: =IF(AF13="","",IF(AF13="A",90,IF(AF13="B",75,IF(AF13="C",60,45)))) | BV13: =IF(AH13="","",IF(AH13="A",90,IF(AH13="B",75,IF(AH13="C",60,45)))) | BW13: =IF(AJ13="","",IF(AJ13="A",90,IF(AJ13="B",75,IF(AJ13="C",60,45)))) | BX13: =IF(AL13="","",IF(AL13="A",90,IF(AL13="B",75,IF(AL13="C",60,45)))) | BY13: =IF(AN13="","",IF(AN13="A",90,IF(AN13="B",75,IF(AN13="C",60,45)))) | BZ13: =IF(AP13="","",IF(AP13="A",90,IF(AP13="B",75,IF(AP13="C",60,45)))) | CA13: =IF(AR13="","",IF(AR13="A",90,IF(AR13="B",75,IF(AR13="C",60,45)))) | CB13: =IF(AT13="","",IF(AT13="A",90,IF(AT13="B",75,IF(AT13="C",60,45)))) | CC13: =IF(AV13="","",IF(AV13="A",90,IF(AV13="B",75,IF(AV13="C",60,45)))) | CD13: =IF(AX13="","",IF(AX13="A",90,IF(AX13="B",75,IF(AX13="C",60,45))))
BC14: =IFERROR((COUNTIF(D14:AX14,"A")*4+COUNTIF(D14:AX14,"B")*3+COUNTIF(D14:AX14,"C")*2+COUNTIF(D14:AX14,"D")*1)/(COUNTIF(D14:AX14,"A")+COUNTIF(D14:AX14,"B")+COUNTIF(D14:AX14,"C")+COUNTIF(D14:AX14,"D"))*25,"") | BD14: =IF(BC14="","",IF(BC14>=85,"A",IF(BC14>=70,"B",IF(BC14>=50,"C","D")))) | BG14: =IF(D14="","",IF(D14="A",90,IF(D14="B",75,IF(D14="C",60,45)))) | BH14: =IF(F14="","",IF(F14="A",90,IF(F14="B",75,IF(F14="C",60,45)))) | BI14: =IF(H14="","",IF(H14="A",90,IF(H14="B",75,IF(H14="C",60,45)))) | BJ14: =IF(J14="","",IF(J14="A",90,IF(J14="B",75,IF(J14="C",60,45)))) | BK14: =IF(L14="","",IF(L14="A",90,IF(L14="B",75,IF(L14="C",60,45)))) | BL14: =IF(N14="","",IF(N14="A",90,IF(N14="B",75,IF(N14="C",60,45)))) | BM14: =IF(P14="","",IF(P14="A",90,IF(P14="B",75,IF(P14="C",60,45)))) | BN14: =IF(R14="","",IF(R14="A",90,IF(R14="B",75,IF(R14="C",60,45)))) | BO14: =IF(T14="","",IF(T14="A",90,IF(T14="B",75,IF(T14="C",60,45)))) | BP14: =IF(V14="","",IF(V14="A",90,IF(V14="B",75,IF(V14="C",60,45)))) | BQ14: =IF(X14="","",IF(X14="A",90,IF(X14="B",75,IF(X14="C",60,45)))) | BR14: =IF(Z14="","",IF(Z14="A",90,IF(Z14="B",75,IF(Z14="C",60,45)))) | BS14: =IF(AB14="","",IF(AB14="A",90,IF(AB14="B",75,IF(AB14="C",60,45)))) | BT14: =IF(AD14="","",IF(AD14="A",90,IF(AD14="B",75,IF(AD14="C",60,45)))) | BU14: =IF(AF14="","",IF(AF14="A",90,IF(AF14="B",75,IF(AF14="C",60,45)))) | BV14: =IF(AH14="","",IF(AH14="A",90,IF(AH14="B",75,IF(AH14="C",60,45)))) | BW14: =IF(AJ14="","",IF(AJ14="A",90,IF(AJ14="B",75,IF(AJ14="C",60,45)))) | BX14: =IF(AL14="","",IF(AL14="A",90,IF(AL14="B",75,IF(AL14="C",60,45)))) | BY14: =IF(AN14="","",IF(AN14="A",90,IF(AN14="B",75,IF(AN14="C",60,45)))) | BZ14: =IF(AP14="","",IF(AP14="A",90,IF(AP14="B",75,IF(AP14="C",60,45)))) | CA14: =IF(AR14="","",IF(AR14="A",90,IF(AR14="B",75,IF(AR14="C",60,45)))) | CB14: =IF(AT14="","",IF(AT14="A",90,IF(AT14="B",75,IF(AT14="C",60,45)))) | CC14: =IF(AV14="","",IF(AV14="A",90,IF(AV14="B",75,IF(AV14="C",60,45)))) | CD14: =IF(AX14="","",IF(AX14="A",90,IF(AX14="B",75,IF(AX14="C",60,45))))
BC15: =IFERROR((COUNTIF(D15:AX15,"A")*4+COUNTIF(D15:AX15,"B")*3+COUNTIF(D15:AX15,"C")*2+COUNTIF(D15:AX15,"D")*1)/(COUNTIF(D15:AX15,"A")+COUNTIF(D15:AX15,"B")+COUNTIF(D15:AX15,"C")+COUNTIF(D15:AX15,"D"))*25,"") | BD15: =IF(BC15="","",IF(BC15>=85,"A",IF(BC15>=70,"B",IF(BC15>=50,"C","D")))) | BG15: =IF(D15="","",IF(D15="A",90,IF(D15="B",75,IF(D15="C",60,45)))) | BH15: =IF(F15="","",IF(F15="A",90,IF(F15="B",75,IF(F15="C",60,45)))) | BI15: =IF(H15="","",IF(H15="A",90,IF(H15="B",75,IF(H15="C",60,45)))) | BJ15: =IF(J15="","",IF(J15="A",90,IF(J15="B",75,IF(J15="C",60,45)))) | BK15: =IF(L15="","",IF(L15="A",90,IF(L15="B",75,IF(L15="C",60,45)))) | BL15: =IF(N15="","",IF(N15="A",90,IF(N15="B",75,IF(N15="C",60,45)))) | BM15: =IF(P15="","",IF(P15="A",90,IF(P15="B",75,IF(P15="C",60,45)))) | BN15: =IF(R15="","",IF(R15="A",90,IF(R15="B",75,IF(R15="C",60,45)))) | BO15: =IF(T15="","",IF(T15="A",90,IF(T15="B",75,IF(T15="C",60,45)))) | BP15: =IF(V15="","",IF(V15="A",90,IF(V15="B",75,IF(V15="C",60,45)))) | BQ15: =IF(X15="","",IF(X15="A",90,IF(X15="B",75,IF(X15="C",60,45)))) | BR15: =IF(Z15="","",IF(Z15="A",90,IF(Z15="B",75,IF(Z15="C",60,45)))) | BS15: =IF(AB15="","",IF(AB15="A",90,IF(AB15="B",75,IF(AB15="C",60,45)))) | BT15: =IF(AD15="","",IF(AD15="A",90,IF(AD15="B",75,IF(AD15="C",60,45)))) | BU15: =IF(AF15="","",IF(AF15="A",90,IF(AF15="B",75,IF(AF15="C",60,45)))) | BV15: =IF(AH15="","",IF(AH15="A",90,IF(AH15="B",75,IF(AH15="C",60,45)))) | BW15: =IF(AJ15="","",IF(AJ15="A",90,IF(AJ15="B",75,IF(AJ15="C",60,45)))) | BX15: =IF(AL15="","",IF(AL15="A",90,IF(AL15="B",75,IF(AL15="C",60,45)))) | BY15: =IF(AN15="","",IF(AN15="A",90,IF(AN15="B",75,IF(AN15="C",60,45)))) | BZ15: =IF(AP15="","",IF(AP15="A",90,IF(AP15="B",75,IF(AP15="C",60,45)))) | CA15: =IF(AR15="","",IF(AR15="A",90,IF(AR15="B",75,IF(AR15="C",60,45)))) | CB15: =IF(AT15="","",IF(AT15="A",90,IF(AT15="B",75,IF(AT15="C",60,45)))) | CC15: =IF(AV15="","",IF(AV15="A",90,IF(AV15="B",75,IF(AV15="C",60,45)))) | CD15: =IF(AX15="","",IF(AX15="A",90,IF(AX15="B",75,IF(AX15="C",60,45))))
BC16: =IFERROR((COUNTIF(D16:AX16,"A")*4+COUNTIF(D16:AX16,"B")*3+COUNTIF(D16:AX16,"C")*2+COUNTIF(D16:AX16,"D")*1)/(COUNTIF(D16:AX16,"A")+COUNTIF(D16:AX16,"B")+COUNTIF(D16:AX16,"C")+COUNTIF(D16:AX16,"D"))*25,"") | BD16: =IF(BC16="","",IF(BC16>=85,"A",IF(BC16>=70,"B",IF(BC16>=50,"C","D")))) | BG16: =IF(D16="","",IF(D16="A",90,IF(D16="B",75,IF(D16="C",60,45)))) | BH16: =IF(F16="","",IF(F16="A",90,IF(F16="B",75,IF(F16="C",60,45)))) | BI16: =IF(H16="","",IF(H16="A",90,IF(H16="B",75,IF(H16="C",60,45)))) | BJ16: =IF(J16="","",IF(J16="A",90,IF(J16="B",75,IF(J16="C",60,45)))) | BK16: =IF(L16="","",IF(L16="A",90,IF(L16="B",75,IF(L16="C",60,45)))) | BL16: =IF(N16="","",IF(N16="A",90,IF(N16="B",75,IF(N16="C",60,45)))) | BM16: =IF(P16="","",IF(P16="A",90,IF(P16="B",75,IF(P16="C",60,45)))) | BN16: =IF(R16="","",IF(R16="A",90,IF(R16="B",75,IF(R16="C",60,45)))) | BO16: =IF(T16="","",IF(T16="A",90,IF(T16="B",75,IF(T16="C",60,45)))) | BP16: =IF(V16="","",IF(V16="A",90,IF(V16="B",75,IF(V16="C",60,45)))) | BQ16: =IF(X16="","",IF(X16="A",90,IF(X16="B",75,IF(X16="C",60,45)))) | BR16: =IF(Z16="","",IF(Z16="A",90,IF(Z16="B",75,IF(Z16="C",60,45)))) | BS16: =IF(AB16="","",IF(AB16="A",90,IF(AB16="B",75,IF(AB16="C",60,45)))) | BT16: =IF(AD16="","",IF(AD16="A",90,IF(AD16="B",75,IF(AD16="C",60,45)))) | BU16: =IF(AF16="","",IF(AF16="A",90,IF(AF16="B",75,IF(AF16="C",60,45)))) | BV16: =IF(AH16="","",IF(AH16="A",90,IF(AH16="B",75,IF(AH16="C",60,45)))) | BW16: =IF(AJ16="","",IF(AJ16="A",90,IF(AJ16="B",75,IF(AJ16="C",60,45)))) | BX16: =IF(AL16="","",IF(AL16="A",90,IF(AL16="B",75,IF(AL16="C",60,45)))) | BY16: =IF(AN16="","",IF(AN16="A",90,IF(AN16="B",75,IF(AN16="C",60,45)))) | BZ16: =IF(AP16="","",IF(AP16="A",90,IF(AP16="B",75,IF(AP16="C",60,45)))) | CA16: =IF(AR16="","",IF(AR16="A",90,IF(AR16="B",75,IF(AR16="C",60,45)))) | CB16: =IF(AT16="","",IF(AT16="A",90,IF(AT16="B",75,IF(AT16="C",60,45)))) | CC16: =IF(AV16="","",IF(AV16="A",90,IF(AV16="B",75,IF(AV16="C",60,45)))) | CD16: =IF(AX16="","",IF(AX16="A",90,IF(AX16="B",75,IF(AX16="C",60,45))))
BC17: =IFERROR((COUNTIF(D17:AX17,"A")*4+COUNTIF(D17:AX17,"B")*3+COUNTIF(D17:AX17,"C")*2+COUNTIF(D17:AX17,"D")*1)/(COUNTIF(D17:AX17,"A")+COUNTIF(D17:AX17,"B")+COUNTIF(D17:AX17,"C")+COUNTIF(D17:AX17,"D"))*25,"") | BD17: =IF(BC17="","",IF(BC17>=85,"A",IF(BC17>=70,"B",IF(BC17>=50,"C","D")))) | BG17: =IF(D17="","",IF(D17="A",90,IF(D17="B",75,IF(D17="C",60,45)))) | BH17: =IF(F17="","",IF(F17="A",90,IF(F17="B",75,IF(F17="C",60,45)))) | BI17: =IF(H17="","",IF(H17="A",90,IF(H17="B",75,IF(H17="C",60,45)))) | BJ17: =IF(J17="","",IF(J17="A",90,IF(J17="B",75,IF(J17="C",60,45)))) | BK17: =IF(L17="","",IF(L17="A",90,IF(L17="B",75,IF(L17="C",60,45)))) | BL17: =IF(N17="","",IF(N17="A",90,IF(N17="B",75,IF(N17="C",60,45)))) | BM17: =IF(P17="","",IF(P17="A",90,IF(P17="B",75,IF(P17="C",60,45)))) | BN17: =IF(R17="","",IF(R17="A",90,IF(R17="B",75,IF(R17="C",60,45)))) | BO17: =IF(T17="","",IF(T17="A",90,IF(T17="B",75,IF(T17="C",60,45)))) | BP17: =IF(V17="","",IF(V17="A",90,IF(V17="B",75,IF(V17="C",60,45)))) | BQ17: =IF(X17="","",IF(X17="A",90,IF(X17="B",75,IF(X17="C",60,45)))) | BR17: =IF(Z17="","",IF(Z17="A",90,IF(Z17="B",75,IF(Z17="C",60,45)))) | BS17: =IF(AB17="","",IF(AB17="A",90,IF(AB17="B",75,IF(AB17="C",60,45)))) | BT17: =IF(AD17="","",IF(AD17="A",90,IF(AD17="B",75,IF(AD17="C",60,45)))) | BU17: =IF(AF17="","",IF(AF17="A",90,IF(AF17="B",75,IF(AF17="C",60,45)))) | BV17: =IF(AH17="","",IF(AH17="A",90,IF(AH17="B",75,IF(AH17="C",60,45)))) | BW17: =IF(AJ17="","",IF(AJ17="A",90,IF(AJ17="B",75,IF(AJ17="C",60,45)))) | BX17: =IF(AL17="","",IF(AL17="A",90,IF(AL17="B",75,IF(AL17="C",60,45)))) | BY17: =IF(AN17="","",IF(AN17="A",90,IF(AN17="B",75,IF(AN17="C",60,45)))) | BZ17: =IF(AP17="","",IF(AP17="A",90,IF(AP17="B",75,IF(AP17="C",60,45)))) | CA17: =IF(AR17="","",IF(AR17="A",90,IF(AR17="B",75,IF(AR17="C",60,45)))) | CB17: =IF(AT17="","",IF(AT17="A",90,IF(AT17="B",75,IF(AT17="C",60,45)))) | CC17: =IF(AV17="","",IF(AV17="A",90,IF(AV17="B",75,IF(AV17="C",60,45)))) | CD17: =IF(AX17="","",IF(AX17="A",90,IF(AX17="B",75,IF(AX17="C",60,45))))
BC18: =IFERROR((COUNTIF(D18:AX18,"A")*4+COUNTIF(D18:AX18,"B")*3+COUNTIF(D18:AX18,"C")*2+COUNTIF(D18:AX18,"D")*1)/(COUNTIF(D18:AX18,"A")+COUNTIF(D18:AX18,"B")+COUNTIF(D18:AX18,"C")+COUNTIF(D18:AX18,"D"))*25,"") | BD18: =IF(BC18="","",IF(BC18>=85,"A",IF(BC18>=70,"B",IF(BC18>=50,"C","D")))) | BG18: =IF(D18="","",IF(D18="A",90,IF(D18="B",75,IF(D18="C",60,45)))) | BH18: =IF(F18="","",IF(F18="A",90,IF(F18="B",75,IF(F18="C",60,45)))) | BI18: =IF(H18="","",IF(H18="A",90,IF(H18="B",75,IF(H18="C",60,45)))) | BJ18: =IF(J18="","",IF(J18="A",90,IF(J18="B",75,IF(J18="C",60,45)))) | BK18: =IF(L18="","",IF(L18="A",90,IF(L18="B",75,IF(L18="C",60,45)))) | BL18: =IF(N18="","",IF(N18="A",90,IF(N18="B",75,IF(N18="C",60,45)))) | BM18: =IF(P18="","",IF(P18="A",90,IF(P18="B",75,IF(P18="C",60,45)))) | BN18: =IF(R18="","",IF(R18="A",90,IF(R18="B",75,IF(R18="C",60,45)))) | BO18: =IF(T18="","",IF(T18="A",90,IF(T18="B",75,IF(T18="C",60,45)))) | BP18: =IF(V18="","",IF(V18="A",90,IF(V18="B",75,IF(V18="C",60,45)))) | BQ18: =IF(X18="","",IF(X18="A",90,IF(X18="B",75,IF(X18="C",60,45)))) | BR18: =IF(Z18="","",IF(Z18="A",90,IF(Z18="B",75,IF(Z18="C",60,45)))) | BS18: =IF(AB18="","",IF(AB18="A",90,IF(AB18="B",75,IF(AB18="C",60,45)))) | BT18: =IF(AD18="","",IF(AD18="A",90,IF(AD18="B",75,IF(AD18="C",60,45)))) | BU18: =IF(AF18="","",IF(AF18="A",90,IF(AF18="B",75,IF(AF18="C",60,45)))) | BV18: =IF(AH18="","",IF(AH18="A",90,IF(AH18="B",75,IF(AH18="C",60,45)))) | BW18: =IF(AJ18="","",IF(AJ18="A",90,IF(AJ18="B",75,IF(AJ18="C",60,45)))) | BX18: =IF(AL18="","",IF(AL18="A",90,IF(AL18="B",75,IF(AL18="C",60,45)))) | BY18: =IF(AN18="","",IF(AN18="A",90,IF(AN18="B",75,IF(AN18="C",60,45)))) | BZ18: =IF(AP18="","",IF(AP18="A",90,IF(AP18="B",75,IF(AP18="C",60,45)))) | CA18: =IF(AR18="","",IF(AR18="A",90,IF(AR18="B",75,IF(AR18="C",60,45)))) | CB18: =IF(AT18="","",IF(AT18="A",90,IF(AT18="B",75,IF(AT18="C",60,45)))) | CC18: =IF(AV18="","",IF(AV18="A",90,IF(AV18="B",75,IF(AV18="C",60,45)))) | CD18: =IF(AX18="","",IF(AX18="A",90,IF(AX18="B",75,IF(AX18="C",60,45))))
BC19: =IFERROR((COUNTIF(D19:AX19,"A")*4+COUNTIF(D19:AX19,"B")*3+COUNTIF(D19:AX19,"C")*2+COUNTIF(D19:AX19,"D")*1)/(COUNTIF(D19:AX19,"A")+COUNTIF(D19:AX19,"B")+COUNTIF(D19:AX19,"C")+COUNTIF(D19:AX19,"D"))*25,"") | BD19: =IF(BC19="","",IF(BC19>=85,"A",IF(BC19>=70,"B",IF(BC19>=50,"C","D")))) | BG19: =IF(D19="","",IF(D19="A",90,IF(D19="B",75,IF(D19="C",60,45)))) | BH19: =IF(F19="","",IF(F19="A",90,IF(F19="B",75,IF(F19="C",60,45)))) | BI19: =IF(H19="","",IF(H19="A",90,IF(H19="B",75,IF(H19="C",60,45)))) | BJ19: =IF(J19="","",IF(J19="A",90,IF(J19="B",75,IF(J19="C",60,45)))) | BK19: =IF(L19="","",IF(L19="A",90,IF(L19="B",75,IF(L19="C",60,45)))) | BL19: =IF(N19="","",IF(N19="A",90,IF(N19="B",75,IF(N19="C",60,45)))) | BM19: =IF(P19="","",IF(P19="A",90,IF(P19="B",75,IF(P19="C",60,45)))) | BN19: =IF(R19="","",IF(R19="A",90,IF(R19="B",75,IF(R19="C",60,45)))) | BO19: =IF(T19="","",IF(T19="A",90,IF(T19="B",75,IF(T19="C",60,45)))) | BP19: =IF(V19="","",IF(V19="A",90,IF(V19="B",75,IF(V19="C",60,45)))) | BQ19: =IF(X19="","",IF(X19="A",90,IF(X19="B",75,IF(X19="C",60,45)))) | BR19: =IF(Z19="","",IF(Z19="A",90,IF(Z19="B",75,IF(Z19="C",60,45)))) | BS19: =IF(AB19="","",IF(AB19="A",90,IF(AB19="B",75,IF(AB19="C",60,45)))) | BT19: =IF(AD19="","",IF(AD19="A",90,IF(AD19="B",75,IF(AD19="C",60,45)))) | BU19: =IF(AF19="","",IF(AF19="A",90,IF(AF19="B",75,IF(AF19="C",60,45)))) | BV19: =IF(AH19="","",IF(AH19="A",90,IF(AH19="B",75,IF(AH19="C",60,45)))) | BW19: =IF(AJ19="","",IF(AJ19="A",90,IF(AJ19="B",75,IF(AJ19="C",60,45)))) | BX19: =IF(AL19="","",IF(AL19="A",90,IF(AL19="B",75,IF(AL19="C",60,45)))) | BY19: =IF(AN19="","",IF(AN19="A",90,IF(AN19="B",75,IF(AN19="C",60,45)))) | BZ19: =IF(AP19="","",IF(AP19="A",90,IF(AP19="B",75,IF(AP19="C",60,45)))) | CA19: =IF(AR19="","",IF(AR19="A",90,IF(AR19="B",75,IF(AR19="C",60,45)))) | CB19: =IF(AT19="","",IF(AT19="A",90,IF(AT19="B",75,IF(AT19="C",60,45)))) | CC19: =IF(AV19="","",IF(AV19="A",90,IF(AV19="B",75,IF(AV19="C",60,45)))) | CD19: =IF(AX19="","",IF(AX19="A",90,IF(AX19="B",75,IF(AX19="C",60,45))))
... BC200: =IFERROR((COUNTIF(D200:AX200,"A")*4+COUNTIF(D200:AX200,"B")*3+COUNTIF(D200:AX200,"C")*2+COUNTIF(D200:AX200,"D")*1)/(COUNTIF(D200:AX200,"A")+COUNTIF(D200:AX200,"B")+COUNTIF(D200:AX200,"C")+COUNTIF(D200:AX200,"D"))*25,"") | BD200: =IF(BC200="","",IF(BC200>=85,"A",IF(BC200>=70,"B",IF(BC200>=50,"C","D")))) | BG200: =IF(D200="","",IF(D200="A",90,IF(D200="B",75,IF(D200="C",60,45)))) | BH200: =IF(F200="","",IF(F200="A",90,IF(F200="B",75,IF(F200="C",60,45)))) | BI200: =IF(H200="","",IF(H200="A",90,IF(H200="B",75,IF(H200="C",60,45)))) | BJ200: =IF(J200="","",IF(J200="A",90,IF(J200="B",75,IF(J200="C",60,45)))) | BK200: =IF(L200="","",IF(L200="A",90,IF(L200="B",75,IF(L200="C",60,45)))) | BL200: =IF(N200="","",IF(N200="A",90,IF(N200="B",75,IF(N200="C",60,45)))) | BM200: =IF(P200="","",IF(P200="A",90,IF(P200="B",75,IF(P200="C",60,45)))) | BN200: =IF(R200="","",IF(R200="A",90,IF(R200="B",75,IF(R200="C",60,45)))) | BO200: =IF(T200="","",IF(T200="A",90,IF(T200="B",75,IF(T200="C",60,45)))) | BP200: =IF(V200="","",IF(V200="A",90,IF(V200="B",75,IF(V200="C",60,45)))) | BQ200: =IF(X200="","",IF(X200="A",90,IF(X200="B",75,IF(X200="C",60,45)))) | BR200: =IF(Z200="","",IF(Z200="A",90,IF(Z200="B",75,IF(Z200="C",60,45)))) | BS200: =IF(AB200="","",IF(AB200="A",90,IF(AB200="B",75,IF(AB200="C",60,45)))) | BT200: =IF(AD200="","",IF(AD200="A",90,IF(AD200="B",75,IF(AD200="C",60,45)))) | BU200: =IF(AF200="","",IF(AF200="A",90,IF(AF200="B",75,IF(AF200="C",60,45)))) | BV200: =IF(AH200="","",IF(AH200="A",90,IF(AH200="B",75,IF(AH200="C",60,45)))) | BW200: =IF(AJ200="","",IF(AJ200="A",90,IF(AJ200="B",75,IF(AJ200="C",60,45)))) | BX200: =IF(AL200="","",IF(AL200="A",90,IF(AL200="B",75,IF(AL200="C",60,45)))) | BY200: =IF(AN200="","",IF(AN200="A",90,IF(AN200="B",75,IF(AN200="C",60,45)))) | BZ200: =IF(AP200="","",IF(AP200="A",90,IF(AP200="B",75,IF(AP200="C",60,45)))) | CA200: =IF(AR200="","",IF(AR200="A",90,IF(AR200="B",75,IF(AR200="C",60,45)))) | CB200: =IF(AT200="","",IF(AT200="A",90,IF(AT200="B",75,IF(AT200="C",60,45)))) | CC200: =IF(AV200="","",IF(AV200="A",90,IF(AV200="B",75,IF(AV200="C",60,45)))) | CD200: =IF(AX200="","",IF(AX200="A",90,IF(AX200="B",75,IF(AX200="C",60,45))))
BC201: =IF(COUNT(BG201:CD201)=0,"",ROUND(AVERAGE(BG201:CD201),0)) | BD201: =IF(BC201="","",IF(BC201>=85,"A",IF(BC201>=70,"B",IF(BC201>=55,"C","D")))) | BG201: =IF(D201="","",IF(D201="A",90,IF(D201="B",75,IF(D201="C",60,45)))) | BH201: =IF(F201="","",IF(F201="A",90,IF(F201="B",75,IF(F201="C",60,45)))) | BI201: =IF(H201="","",IF(H201="A",90,IF(H201="B",75,IF(H201="C",60,45)))) | BJ201: =IF(J201="","",IF(J201="A",90,IF(J201="B",75,IF(J201="C",60,45)))) | BK201: =IF(L201="","",IF(L201="A",90,IF(L201="B",75,IF(L201="C",60,45)))) | BL201: =IF(N201="","",IF(N201="A",90,IF(N201="B",75,IF(N201="C",60,45)))) | BM201: =IF(P201="","",IF(P201="A",90,IF(P201="B",75,IF(P201="C",60,45)))) | BN201: =IF(R201="","",IF(R201="A",90,IF(R201="B",75,IF(R201="C",60,45)))) | BO201: =IF(T201="","",IF(T201="A",90,IF(T201="B",75,IF(T201="C",60,45)))) | BP201: =IF(V201="","",IF(V201="A",90,IF(V201="B",75,IF(V201="C",60,45)))) | BQ201: =IF(X201="","",IF(X201="A",90,IF(X201="B",75,IF(X201="C",60,45)))) | BR201: =IF(Z201="","",IF(Z201="A",90,IF(Z201="B",75,IF(Z201="C",60,45)))) | BS201: =IF(AB201="","",IF(AB201="A",90,IF(AB201="B",75,IF(AB201="C",60,45)))) | BT201: =IF(AD201="","",IF(AD201="A",90,IF(AD201="B",75,IF(AD201="C",60,45)))) | BU201: =IF(AF201="","",IF(AF201="A",90,IF(AF201="B",75,IF(AF201="C",60,45)))) | BV201: =IF(AH201="","",IF(AH201="A",90,IF(AH201="B",75,IF(AH201="C",60,45)))) | BW201: =IF(AJ201="","",IF(AJ201="A",90,IF(AJ201="B",75,IF(AJ201="C",60,45)))) | BX201: =IF(AL201="","",IF(AL201="A",90,IF(AL201="B",75,IF(AL201="C",60,45)))) | BY201: =IF(AN201="","",IF(AN201="A",90,IF(AN201="B",75,IF(AN201="C",60,45)))) | BZ201: =IF(AP201="","",IF(AP201="A",90,IF(AP201="B",75,IF(AP201="C",60,45)))) | CA201: =IF(AR201="","",IF(AR201="A",90,IF(AR201="B",75,IF(AR201="C",60,45)))) | CB201: =IF(AT201="","",IF(AT201="A",90,IF(AT201="B",75,IF(AT201="C",60,45)))) | CC201: =IF(AV201="","",IF(AV201="A",90,IF(AV201="B",75,IF(AV201="C",60,45)))) | CD201: =IF(AX201="","",IF(AX201="A",90,IF(AX201="B",75,IF(AX201="C",60,45))))
BC202: =IF(COUNT(BG202:CD202)=0,"",ROUND(AVERAGE(BG202:CD202),0)) | BD202: =IF(BC202="","",IF(BC202>=85,"A",IF(BC202>=70,"B",IF(BC202>=55,"C","D")))) | BG202: =IF(D202="","",IF(D202="A",90,IF(D202="B",75,IF(D202="C",60,45)))) | BH202: =IF(F202="","",IF(F202="A",90,IF(F202="B",75,IF(F202="C",60,45)))) | BI202: =IF(H202="","",IF(H202="A",90,IF(H202="B",75,IF(H202="C",60,45)))) | BJ202: =IF(J202="","",IF(J202="A",90,IF(J202="B",75,IF(J202="C",60,45)))) | BK202: =IF(L202="","",IF(L202="A",90,IF(L202="B",75,IF(L202="C",60,45)))) | BL202: =IF(N202="","",IF(N202="A",90,IF(N202="B",75,IF(N202="C",60,45)))) | BM202: =IF(P202="","",IF(P202="A",90,IF(P202="B",75,IF(P202="C",60,45)))) | BN202: =IF(R202="","",IF(R202="A",90,IF(R202="B",75,IF(R202="C",60,45)))) | BO202: =IF(T202="","",IF(T202="A",90,IF(T202="B",75,IF(T202="C",60,45)))) | BP202: =IF(V202="","",IF(V202="A",90,IF(V202="B",75,IF(V202="C",60,45)))) | BQ202: =IF(X202="","",IF(X202="A",90,IF(X202="B",75,IF(X202="C",60,45)))) | BR202: =IF(Z202="","",IF(Z202="A",90,IF(Z202="B",75,IF(Z202="C",60,45)))) | BS202: =IF(AB202="","",IF(AB202="A",90,IF(AB202="B",75,IF(AB202="C",60,45)))) | BT202: =IF(AD202="","",IF(AD202="A",90,IF(AD202="B",75,IF(AD202="C",60,45)))) | BU202: =IF(AF202="","",IF(AF202="A",90,IF(AF202="B",75,IF(AF202="C",60,45)))) | BV202: =IF(AH202="","",IF(AH202="A",90,IF(AH202="B",75,IF(AH202="C",60,45)))) | BW202: =IF(AJ202="","",IF(AJ202="A",90,IF(AJ202="B",75,IF(AJ202="C",60,45)))) | BX202: =IF(AL202="","",IF(AL202="A",90,IF(AL202="B",75,IF(AL202="C",60,45)))) | BY202: =IF(AN202="","",IF(AN202="A",90,IF(AN202="B",75,IF(AN202="C",60,45)))) | BZ202: =IF(AP202="","",IF(AP202="A",90,IF(AP202="B",75,IF(AP202="C",60,45)))) | CA202: =IF(AR202="","",IF(AR202="A",90,IF(AR202="B",75,IF(AR202="C",60,45)))) | CB202: =IF(AT202="","",IF(AT202="A",90,IF(AT202="B",75,IF(AT202="C",60,45)))) | CC202: =IF(AV202="","",IF(AV202="A",90,IF(AV202="B",75,IF(AV202="C",60,45)))) | CD202: =IF(AX202="","",IF(AX202="A",90,IF(AX202="B",75,IF(AX202="C",60,45))))
BC203: =IF(COUNT(BG203:CD203)=0,"",ROUND(AVERAGE(BG203:CD203),0)) | BD203: =IF(BC203="","",IF(BC203>=85,"A",IF(BC203>=70,"B",IF(BC203>=55,"C","D")))) | BG203: =IF(D203="","",IF(D203="A",90,IF(D203="B",75,IF(D203="C",60,45)))) | BH203: =IF(F203="","",IF(F203="A",90,IF(F203="B",75,IF(F203="C",60,45)))) | BI203: =IF(H203="","",IF(H203="A",90,IF(H203="B",75,IF(H203="C",60,45)))) | BJ203: =IF(J203="","",IF(J203="A",90,IF(J203="B",75,IF(J203="C",60,45)))) | BK203: =IF(L203="","",IF(L203="A",90,IF(L203="B",75,IF(L203="C",60,45)))) | BL203: =IF(N203="","",IF(N203="A",90,IF(N203="B",75,IF(N203="C",60,45)))) | BM203: =IF(P203="","",IF(P203="A",90,IF(P203="B",75,IF(P203="C",60,45)))) | BN203: =IF(R203="","",IF(R203="A",90,IF(R203="B",75,IF(R203="C",60,45)))) | BO203: =IF(T203="","",IF(T203="A",90,IF(T203="B",75,IF(T203="C",60,45)))) | BP203: =IF(V203="","",IF(V203="A",90,IF(V203="B",75,IF(V203="C",60,45)))) | BQ203: =IF(X203="","",IF(X203="A",90,IF(X203="B",75,IF(X203="C",60,45)))) | BR203: =IF(Z203="","",IF(Z203="A",90,IF(Z203="B",75,IF(Z203="C",60,45)))) | BS203: =IF(AB203="","",IF(AB203="A",90,IF(AB203="B",75,IF(AB203="C",60,45)))) | BT203: =IF(AD203="","",IF(AD203="A",90,IF(AD203="B",75,IF(AD203="C",60,45)))) | BU203: =IF(AF203="","",IF(AF203="A",90,IF(AF203="B",75,IF(AF203="C",60,45)))) | BV203: =IF(AH203="","",IF(AH203="A",90,IF(AH203="B",75,IF(AH203="C",60,45)))) | BW203: =IF(AJ203="","",IF(AJ203="A",90,IF(AJ203="B",75,IF(AJ203="C",60,45)))) | BX203: =IF(AL203="","",IF(AL203="A",90,IF(AL203="B",75,IF(AL203="C",60,45)))) | BY203: =IF(AN203="","",IF(AN203="A",90,IF(AN203="B",75,IF(AN203="C",60,45)))) | BZ203: =IF(AP203="","",IF(AP203="A",90,IF(AP203="B",75,IF(AP203="C",60,45)))) | CA203: =IF(AR203="","",IF(AR203="A",90,IF(AR203="B",75,IF(AR203="C",60,45)))) | CB203: =IF(AT203="","",IF(AT203="A",90,IF(AT203="B",75,IF(AT203="C",60,45)))) | CC203: =IF(AV203="","",IF(AV203="A",90,IF(AV203="B",75,IF(AV203="C",60,45)))) | CD203: =IF(AX203="","",IF(AX203="A",90,IF(AX203="B",75,IF(AX203="C",60,45))))
BC204: =IF(COUNT(BG204:CD204)=0,"",ROUND(AVERAGE(BG204:CD204),0)) | BD204: =IF(BC204="","",IF(BC204>=85,"A",IF(BC204>=70,"B",IF(BC204>=55,"C","D")))) | BG204: =IF(D204="","",IF(D204="A",90,IF(D204="B",75,IF(D204="C",60,45)))) | BH204: =IF(F204="","",IF(F204="A",90,IF(F204="B",75,IF(F204="C",60,45)))) | BI204: =IF(H204="","",IF(H204="A",90,IF(H204="B",75,IF(H204="C",60,45)))) | BJ204: =IF(J204="","",IF(J204="A",90,IF(J204="B",75,IF(J204="C",60,45)))) | BK204: =IF(L204="","",IF(L204="A",90,IF(L204="B",75,IF(L204="C",60,45)))) | BL204: =IF(N204="","",IF(N204="A",90,IF(N204="B",75,IF(N204="C",60,45)))) | BM204: =IF(P204="","",IF(P204="A",90,IF(P204="B",75,IF(P204="C",60,45)))) | BN204: =IF(R204="","",IF(R204="A",90,IF(R204="B",75,IF(R204="C",60,45)))) | BO204: =IF(T204="","",IF(T204="A",90,IF(T204="B",75,IF(T204="C",60,45)))) | BP204: =IF(V204="","",IF(V204="A",90,IF(V204="B",75,IF(V204="C",60,45)))) | BQ204: =IF(X204="","",IF(X204="A",90,IF(X204="B",75,IF(X204="C",60,45)))) | BR204: =IF(Z204="","",IF(Z204="A",90,IF(Z204="B",75,IF(Z204="C",60,45)))) | BS204: =IF(AB204="","",IF(AB204="A",90,IF(AB204="B",75,IF(AB204="C",60,45)))) | BT204: =IF(AD204="","",IF(AD204="A",90,IF(AD204="B",75,IF(AD204="C",60,45)))) | BU204: =IF(AF204="","",IF(AF204="A",90,IF(AF204="B",75,IF(AF204="C",60,45)))) | BV204: =IF(AH204="","",IF(AH204="A",90,IF(AH204="B",75,IF(AH204="C",60,45)))) | BW204: =IF(AJ204="","",IF(AJ204="A",90,IF(AJ204="B",75,IF(AJ204="C",60,45)))) | BX204: =IF(AL204="","",IF(AL204="A",90,IF(AL204="B",75,IF(AL204="C",60,45)))) | BY204: =IF(AN204="","",IF(AN204="A",90,IF(AN204="B",75,IF(AN204="C",60,45)))) | BZ204: =IF(AP204="","",IF(AP204="A",90,IF(AP204="B",75,IF(AP204="C",60,45)))) | CA204: =IF(AR204="","",IF(AR204="A",90,IF(AR204="B",75,IF(AR204="C",60,45)))) | CB204: =IF(AT204="","",IF(AT204="A",90,IF(AT204="B",75,IF(AT204="C",60,45)))) | CC204: =IF(AV204="","",IF(AV204="A",90,IF(AV204="B",75,IF(AV204="C",60,45)))) | CD204: =IF(AX204="","",IF(AX204="A",90,IF(AX204="B",75,IF(AX204="C",60,45))))

Sheet Student Composition
A1: ANNAPURNA COLLEGE OF FILM AND MEDIA
A3: Select Roll No. | B3: 1
A4: Student Name | B4: =IFERROR(INDEX('Evaluation Sheet'!$A$4:$A$200,MATCH($B$3,'Evaluation Sheet'!$B$4:$B$200,0)),"") -> SRIRAM | D4: Department / Specialisation | E4: =IFERROR(INDEX('Evaluation Sheet'!$C$4:$C$200,MATCH($B$3,'Evaluation Sheet'!$B$4:$B$200,0)),"") -> Cinematography
A5: Final % | B5: =IFERROR(INDEX('Evaluation Sheet'!$BC$4:$BC$200,MATCH($B$3,'Evaluation Sheet'!$B$4:$B$200,0)),"") -> 57.291667 | D5: Final Grade | E5: =IFERROR(INDEX('Evaluation Sheet'!$BD$4:$BD$200,MATCH($B$3,'Evaluation Sheet'!$B$4:$B$200,0)),"") -> C
A6: Portfolio URL | B6: =IFERROR(INDEX('Evaluation Sheet'!$BE$4:$BE$200,MATCH($B$3,'Evaluation Sheet'!$B$4:$B$200,0)),"") -> 0
A7: Foundation
A8: Semester | B8: Screenwriting | C8: Direction | D8: Production | E8: Cine | F8: Sound | G8: Edit
A9: Sem I | B9: =IFERROR(INDEX('Evaluation Sheet'!$D$4:$D$200,MATCH($B$3,'Evaluation Sheet'!$B$4:$B$200,0)),"") -> C | C9: =IFERROR(INDEX('Evaluation Sheet'!$F$4:$F$200,MATCH($B$3,'Evaluation Sheet'!$B$4:$B$200,0)),"") -> C | D9: =IFERROR(INDEX('Evaluation Sheet'!$H$4:$H$200,MATCH($B$3,'Evaluation Sheet'!$B$4:$B$200,0)),"") -> A | E9: =IFERROR(INDEX('Evaluation Sheet'!$J$4:$J$200,MATCH($B$3,'Evaluation Sheet'!$B$4:$B$200,0)),"") -> C | F9: =IFERROR(INDEX('Evaluation Sheet'!$L$4:$L$200,MATCH($B$3,'Evaluation Sheet'!$B$4:$B$200,0)),"") -> D | G9: =IFERROR(INDEX('Evaluation Sheet'!$N$4:$N$200,MATCH($B$3,'Evaluation Sheet'!$B$4:$B$200,0)),"") -> C
A10: Sem II | B10: =IFERROR(INDEX('Evaluation Sheet'!$P$4:$P$200,MATCH($B$3,'Evaluation Sheet'!$B$4:$B$200,0)),"") -> C | C10: =IFERROR(INDEX('Evaluation Sheet'!$R$4:$R$200,MATCH($B$3,'Evaluation Sheet'!$B$4:$B$200,0)),"") -> D | D10: =IFERROR(INDEX('Evaluation Sheet'!$T$4:$T$200,MATCH($B$3,'Evaluation Sheet'!$B$4:$B$200,0)),"") -> D | E10: =IFERROR(INDEX('Evaluation Sheet'!$V$4:$V$200,MATCH($B$3,'Evaluation Sheet'!$B$4:$B$200,0)),"") -> B | F10: =IFERROR(INDEX('Evaluation Sheet'!$X$4:$X$200,MATCH($B$3,'Evaluation Sheet'!$B$4:$B$200,0)),"") -> C | G10: =IFERROR(INDEX('Evaluation Sheet'!$Z$4:$Z$200,MATCH($B$3,'Evaluation Sheet'!$B$4:$B$200,0)),"") -> C
A12: Specialisation Semesters
A13: Semester | B13: Specialisation | C13: Direction | D13: Production | E13: Specialisation Comment | F13: Direction Comment | G13: Production Comment
A14: Sem III | B14: =IFERROR(INDEX('Evaluation Sheet'!$AB$4:$AB$200,MATCH($B$3,'Evaluation Sheet'!$B$4:$B$200,0)),"") -> A | C14: =IFERROR(INDEX('Evaluation Sheet'!$AD$4:$AD$200,MATCH($B$3,'Evaluation Sheet'!$B$4:$B$200,0)),"") -> A | D14: =IFERROR(INDEX('Evaluation Sheet'!$AF$4:$AF$200,MATCH($B$3,'Evaluation Sheet'!$B$4:$B$200,0)),"") -> B
A15: Sem IV | B15: =IFERROR(INDEX('Evaluation Sheet'!$AH$4:$AH$200,MATCH($B$3,'Evaluation Sheet'!$B$4:$B$200,0)),"") -> D | C15: =IFERROR(INDEX('Evaluation Sheet'!$AJ$4:$AJ$200,MATCH($B$3,'Evaluation Sheet'!$B$4:$B$200,0)),"") -> A | D15: =IFERROR(INDEX('Evaluation Sheet'!$AL$4:$AL$200,MATCH($B$3,'Evaluation Sheet'!$B$4:$B$200,0)),"") -> B
A16: Sem V | B16: =IFERROR(INDEX('Evaluation Sheet'!$AN$4:$AN$200,MATCH($B$3,'Evaluation Sheet'!$B$4:$B$200,0)),"") -> C | C16: =IFERROR(INDEX('Evaluation Sheet'!$AP$4:$AP$200,MATCH($B$3,'Evaluation Sheet'!$B$4:$B$200,0)),"") -> A | D16: =IFERROR(INDEX('Evaluation Sheet'!$AR$4:$AR$200,MATCH($B$3,'Evaluation Sheet'!$B$4:$B$200,0)),"") -> D
A17: Sem VI | B17: =IFERROR(INDEX('Evaluation Sheet'!$AT$4:$AT$200,MATCH($B$3,'Evaluation Sheet'!$B$4:$B$200,0)),"") -> D | C17: =IFERROR(INDEX('Evaluation Sheet'!$AV$4:$AV$200,MATCH($B$3,'Evaluation Sheet'!$B$4:$B$200,0)),"") -> C | D17: =IFERROR(INDEX('Evaluation Sheet'!$AX$4:$AX$200,MATCH($B$3,'Evaluation Sheet'!$B$4:$B$200,0)),"") -> C
A19: Final Summary
A20: Creative Comment | B20: =IF($B$3="","",INDEX('Evaluation Sheet'!$AZ$4:$AZ$204,MATCH($B$3,'Evaluation Sheet'!$B$4:$B$204,0))) -> Indicates basic narrative sensitivity, though consistency against professional readiness and final output expectations needs improvement.
A21: Technical Comment | B21: =IF($B$3="","",INDEX('Evaluation Sheet'!$BA$4:$BA$204,MATCH($B$3,'Evaluation Sheet'!$B$4:$B$204,0))) -> Needs stronger control over tool command to meet professional readiness and final output expectations more consistently.
A22: Professional Comment | B22: =IF($B$3="","",INDEX('Evaluation Sheet'!$BB$4:$BB$204,MATCH($B$3,'Evaluation Sheet'!$B$4:$B$204,0))) -> Requires better control over professional attitude to meet professional readiness and final output expectations more consistently.

Sheet Integration Guide
A1: ACFM Integrated Working System - Corrected Specialisation Logic
A2: Specialisation dropdown includes only: Screenwriting, Cinematography, Editing, Sound Design, VFX.
A3: Production is NOT a specialisation. It is retained as a common subject/component for all students.
A4: Direction is also retained as a common subject/component.
A5: Production grade and Production comment dropdowns continue separately for Sem I to Sem VI.
A6: Student Composition pulls the selected specialisation from the Evaluation Sheet.
A7: Use Department / Specialisation column only for the student's chosen elective specialisation.
A9: Google Sheets note
A10: Excel dependent dropdowns may not survive Google conversion. If needed, use this workbook as the master and rebuild dropdowns natively in Google Sheets with Apps Script.
A12: Recommended workflow
A13: 1. Review comments in Comment Matrix.
A14: 2. Choose specialisation in Evaluation Sheet column C.
... A17: 5. Use Student Composition to review individual student output.

Sheet Lists
A1: Screenwriting | C1: Grades | F1: SemI_Screenwriting_A | G1: SemI_Direction_A | H1: SemI_Production_A | I1: SemI_Cinematography_A | J1: SemI_Sound_A | K1: SemI_Editing_A | L1: SemI_Screenwriting_B | M1: SemI_Direction_B | N1: SemI_Production_B | O1: SemI_Cinematography_B | P1: SemI_Sound_B | Q1: SemI_Editing_B | R1: SemI_Screenwriting_C | S1: SemI_Direction_C | T1: SemI_Production_C | U1: SemI_Cinematography_C | V1: SemI_Sound_C | W1: SemI_Editing_C | X1: SemI_Screenwriting_D | Y1: SemI_Direction_D | Z1: SemI_Production_D | AA1: SemI_Cinematography_D | AB1: SemI_Sound_D | AC1: SemI_Editing_D | AD1: SemII_Screenwriting_A | AE1: SemII_Direction_A | AF1: SemII_Production_A | AG1: SemII_Cinematography_A | AH1: SemII_Sound_A | AI1: SemII_Editing_A | AJ1: SemII_Screenwriting_B | AK1: SemII_Direction_B | AL1: SemII_Production_B | AM1: SemII_Cinematography_B | AN1: SemII_Sound_B | AO1: SemII_Editing_B | AP1: SemII_Screenwriting_C | AQ1: SemII_Direction_C | AR1: SemII_Production_C | AS1: SemII_Cinematography_C | AT1: SemII_Sound_C | AU1: SemII_Editing_C | AV1: SemII_Screenwriting_D | AW1: SemII_Direction_D | AX1: SemII_Production_D | AY1: SemII_Cinematography_D | AZ1: SemII_Sound_D | BA1: SemII_Editing_D | BB1: SemIII_Direction_A | BC1: SemIII_Production_A | BD1: Screenwriting_SemIII_A | BE1: Cinematography_SemIII_A | BF1: Editing_SemIII_A | BG1: Sound_Design_SemIII_A | BH1: Visual_Effects_SemIII_A | BI1: SemIII_Direction_B | BJ1: SemIII_Production_B | BK1: Screenwriting_SemIII_B | BL1: Cinematography_SemIII_B | BM1: Editing_SemIII_B | BN1: Sound_Design_SemIII_B | BO1: Visual_Effects_SemIII_B | BP1: SemIII_Direction_C | BQ1: SemIII_Production_C | BR1: Screenwriting_SemIII_C | BS1: Cinematography_SemIII_C | BT1: Editing_SemIII_C | BU1: Sound_Design_SemIII_C | BV1: Visual_Effects_SemIII_C | BW1: SemIII_Direction_D | BX1: SemIII_Production_D | BY1: Screenwriting_SemIII_D | BZ1: Cinematography_SemIII_D | CA1: Editing_SemIII_D | CB1: Sound_Design_SemIII_D | CC1: Visual_Effects_SemIII_D | CD1: SemIV_Direction_A | CE1: SemIV_Production_A | CF1: Screenwriting_SemIV_A | CG1: Cinematography_SemIV_A | CH1: Editing_SemIV_A | CI1: Sound_Design_SemIV_A | CJ1: Visual_Effects_SemIV_A | CK1: SemIV_Direction_B | CL1: SemIV_Production_B | CM1: Screenwriting_SemIV_B | CN1: Cinematography_SemIV_B | CO1: Editing_SemIV_B | CP1: Sound_Design_SemIV_B | CQ1: Visual_Effects_SemIV_B | CR1: SemIV_Direction_C | CS1: SemIV_Production_C | CT1: Screenwriting_SemIV_C | CU1: Cinematography_SemIV_C | CV1: Editing_SemIV_C | CW1: Sound_Design_SemIV_C | CX1: Visual_Effects_SemIV_C | CY1: SemIV_Direction_D | CZ1: SemIV_Production_D | DA1: Screenwriting_SemIV_D | DB1: Cinematography_SemIV_D | DC1: Editing_SemIV_D | DD1: Sound_Design_SemIV_D | DE1: Visual_Effects_SemIV_D | DF1: SemV_Direction_A | DG1: SemV_Production_A | DH1: Screenwriting_SemV_A | DI1: Cinematography_SemV_A | DJ1: Editing_SemV_A | DK1: Sound_Design_SemV_A | DL1: Visual_Effects_SemV_A | DM1: SemV_Direction_B | DN1: SemV_Production_B | DO1: Screenwriting_SemV_B | DP1: Cinematography_SemV_B | DQ1: Editing_SemV_B | DR1: Sound_Design_SemV_B | DS1: Visual_Effects_SemV_B | DT1: SemV_Direction_C | DU1: SemV_Production_C | DV1: Screenwriting_SemV_C | DW1: Cinematography_SemV_C | DX1: Editing_SemV_C | DY1: Sound_Design_SemV_C | DZ1: Visual_Effects_SemV_C | EA1: SemV_Direction_D | EB1: SemV_Production_D | EC1: Screenwriting_SemV_D | ED1: Cinematography_SemV_D | EE1: Editing_SemV_D | EF1: Sound_Design_SemV_D | EG1: Visual_Effects_SemV_D | EH1: SemVI_Direction_A | EI1: SemVI_Production_A | EJ1: Screenwriting_SemVI_A | EK1: Cinematography_SemVI_A | EL1: Editing_SemVI_A | EM1: Sound_Design_SemVI_A | EN1: Visual_Effects_SemVI_A | EO1: SemVI_Direction_B | EP1: SemVI_Production_B | EQ1: Screenwriting_SemVI_B | ER1: Cinematography_SemVI_B | ES1: Editing_SemVI_B | ET1: Sound_Design_SemVI_B | EU1: Visual_Effects_SemVI_B | EV1: SemVI_Direction_C | EW1: SemVI_Production_C | EX1: Screenwriting_SemVI_C | EY1: Cinematography_SemVI_C | EZ1: Editing_SemVI_C | FA1: Sound_Design_SemVI_C | FB1: Visual_Effects_SemVI_C | FC1: SemVI_Direction_D | FD1: SemVI_Production_D | FE1: Screenwriting_SemVI_D | FF1: Cinematography_SemVI_D | FG1: Editing_SemVI_D | FH1: Sound_Design_SemVI_D | FI1: Visual_Effects_SemVI_D | FJ1: Creative_A | FK1: Creative_B | FL1: Creative_C | FM1: Creative_D | FN1: Technical_A | FO1: Technical_B | FP1: Technical_C | FQ1: Technical_D | FR1: Professional_A | FS1: Professional_B | FT1: Professional_C | FU1: Professional_D
A2: Cinematography | C2: A | F2: Screenwriting: Demonstrates strong ability to develop original concepts, supported by clear research and well-defined narrative intent. | G2: Direction: Demonstrates strong analytical ability in interpreting films, with clear understanding of directorial intent, visual language, and narrative construction. | H2: Production: Displays masterful technical command, ensuring that all production elements are polished and professionally executed. | I2: Cinematography: Demonstrates a clear and confident understanding of exposure, colour balance, and image control, supported by effective compositional choices. | J2: Sound Design: Demonstrates high-level clarity in Human Auditory System. | K2: Editing: Demonstrates strong control over story progression, using shot selection and duration effectively to build emotion. Continuity is maintained without becoming mechanical. Technical execution in Adobe Premiere Pro is precise and clean. | L2: Screenwriting: Shows a good understanding of concept development, though ideas require further refinement and clarity. | M2: Direction: Shows a good understanding of film analysis, though insights tend to remain descriptive rather than deeply critical. | N2: Production: Demonstrates a solid grasp of technical skills, though some minor inconsistencies in the final finish remain. | O2: Cinematography: Demonstrates a good understanding of exposure and colour, though consistency can be improved. | P2: Sound Design: Shows good understanding in Human Auditory System. | Q2: Editing: Narrative progression is clear, but cuts are often functional rather than expressive. Needs to explore emotion through shot duration and arrangement. | R2: Screenwriting: Demonstrates limited clarity in concept development, with ideas remaining underdeveloped or vague. | S2: Direction: Displays limited engagement with film analysis, often focusing on surface-level observations. | T2: Production: Displays a basic capability in core production tasks, though the application of these skills is not yet fully realized. | U2: Cinematography: Demonstrates a basic understanding of exposure, but lacks consistency in control. | V2: Sound Design: Basic understanding in Human Auditory System. | W2: Editing: Cuts are mostly functional and maintain basic continuity, but lack emotional or narrative progression. | X2: Screenwriting: Shows no clear understanding of concept development, with ideas remaining incomplete or unclear. | Y2: Direction: Shows little to no engagement with film analysis, lacking understanding of basic cinematic language. | Z2: Production: Struggles to apply core concepts; a stronger focus on the basic fundamentals of the subject is required for progress. | AA2: Cinematography: Demonstrates limited understanding of exposure and image control, with frequent inconsistencies. | AB2: Sound Design: Requires significant improvement in Human Auditory System. | AC2: Editing: Shots do not build meaning; sequence feels random and difficult to follow. | AD2: Screenwriting: Writes dialogue that is natural, character-driven, and effectively reveals subtext without relying on exposition. | AE2: Direction: Demonstrates strong control over staging and blocking, using space, movement, and composition with clear narrative intention. | AF2: Production: Demonstrates a sophisticated ability to synthesize complex ideas into cohesive, high-level outcomes with seamless control. | AG2: Cinematography: Shows strong understanding of motivated camera movement, with clear intent behind each movement choice. | AH2: Sound Design: Demonstrates high-level clarity in Attributes of Tonality, Pitch, and Amplitude in Dialogue Scenes. | AI2: Editing: Strong control across dialogue, continuity, pacing, montage, and VFX. Work is cohesive, emotionally engaging, and technically refined. | AJ2: Screenwriting: Writes dialogue that serves the narrative, though it occasionally becomes predictable or explanatory. | AK2: Direction: Shows a good understanding of staging and blocking, though execution lacks consistency in complex scenes. | AL2: Production: Demonstrates a solid grasp of Semester II concepts, successfully applying them to create functional and effective outcomes. | AM2: Cinematography: Shows good understanding of camera movement, though motivation behind movements can be clearer. | AN2: Sound Design: Shows good understanding in Attributes of Tonality, Pitch, and Amplitude in Dialogue Scenes. | AO2: Editing: Clear and engaging dialogue editing with good pacing and continuity. Montage lacks conceptual strength; VFX integration needs improvement. | AP2: Screenwriting: Dialogue lacks depth and often becomes functional or overly explanatory. | AQ2: Direction: Demonstrates limited control over staging and blocking, leading to unclear or unmotivated movement. | AR2: Production: Demonstrates a basic capability in Semester tasks, though the transition to more complex production techniques is still ongoing. | AS2: Cinematography: Shows limited understanding of motivated vs. unmotivated camera movement. | AT2: Sound Design: Basic capability in Attributes of Tonality, Pitch, and Amplitude in Dialogue Scenes. | AU2: Editing: Story is somewhat understandable, but montage lacks connection and VFX feels disconnected. | AV2: Screenwriting: Dialogue is poorly constructed, lacking clarity, purpose, or character distinction. | AW2: Direction: Shows no clear understanding of staging and blocking, resulting in ineffective scene construction. | AX2: Production: Significant gaps in foundational knowledge are hindering the ability to complete Semester tasks effectively. | AY2: Cinematography: Shows little understanding of camera movement and its purpose. | AZ2: Sound Design: Requires significant improvement in Attributes of Tonality, Pitch, and Amplitude in Dialogue Scenes. | BA2: Editing: Dialogue scenes are difficult to follow; structure and continuity are weak. | BB2: Direction: Demonstrates a strong documentary vision with clear thematic focus, while further deepening observational nuance. | BC2: Production: Exhibits a masterful ability to synthesize advanced Semester concepts into highly sophisticated and cohesive outcomes. | BD2: Screenwriting: Demonstrates strong command over narrative theory, effectively applying story vs discourse, character arcs, and archetypes. Structural frameworks are used with precision, and dialogue remains economical and character-specific, revealing subtext without overstatement. | BE2: Cinematography: Executes camera movements with clear narrative intent, effectively supporting storytelling. | BF2: Editing: Demonstrates strong control over filmic time, aligning visual rhythm with music effectively. Handles documentary material with clarity and constructs a cohesive narrative. Technical execution and workflow in Avid Media Composer are precise and efficient. | BG2: Sound Design: Demonstrated strong execution in Production Sound Recording and team collaboratoin | BH2: Demonstrates strong compositing quality in visual effects, aligned with interpretation and emerging craft ownership and executed with confidence. | BI2: Direction: Shows a clear understanding of documentary form, though thematic depth can be strengthened. | BJ2: Production: Demonstrates a successful grasp of advanced Sem concepts, applying them effectively to reach multifaceted outcomes. | BK2: Screenwriting: Shows good understanding of narrative principles and character arcs, though application of story vs discourse is not always consistent. Dialogue is functional but occasionally relies on direct exposition. | BL2: Cinematography: Shows good control of camera movement, though intent can be more clearly defined. | BM2: Editing: Narrative and documentary structuring are clear. Filmic time is functional, but visual rhythm does not consistently align with music. Technical workflow is stable. | BN2: Sound Design: Shows good creative understanding of Sound Fx Design with scope of improvement in Production Sound Recording | BO2: Shows good compositing quality in visual effects, aligned with interpretation and emerging craft ownership, with room for stronger polish. | BP2: Direction: Demonstrates a partial understanding of documentary storytelling, with unclear thematic focus. | BQ2: Production: Demonstrates a basic capability in executing Sem tasks, though the work lacks the depth expected at this stage of the course. | BR2: Screenwriting: Demonstrates basic understanding of narrative concepts, though distinctions between story and discourse remain unclear in execution. Dialogue is largely functional and lacks character specificity. | BS2: Cinematography: Shows limited control over camera movement, with unclear narrative intent. | BT2: Editing: Story is understandable, but filmic time is not shaped effectively. Rhythm and sound integration are inconsistent. Workflow shows gaps. | BU2: Sound Design: Basic understanding of Production Sound Recording; lacks technical and creative aspects of Sound Edting and Sound Fx Design | BV2: Shows basic compositing quality in visual effects, though consistency against interpretation and emerging craft ownership expectations needs improvement. | BW2: Direction: Lacks a clear documentary vision, with no defined theme or direction. | BX2: Production: Significant gaps in foundational skills are preventing the successful completion of advanced Semester tasks. | BY2: Screenwriting: Shows limited understanding of narrative principles, with unclear structure and weak distinction between story and discourse. Dialogue is overly expository and lacks dramatic function. | BZ2: Cinematography: Shows poor control of camera movement, with no clear narrative intent. | CA2: Editing: Fails to organise footage into a coherent narrative. Filmic time and rhythm are not established. Workflow is weak. | CB2: Sound Design: Requires significant improvement in all the topics of Sound Design of Semester 3 | CC2: Needs significant improvement in compositing quality in visual effects to meet interpretation and emerging craft ownership expectations. | CD2: Direction: Demonstrates a strong directorial vision with effective mise-en-scène, though could push further into nuanced visual symbolism. | CE2: Production: Demonstrates an exceptional ability to synthesize complex, high-level concepts into outcomes that meet professional industry standards. | CF2: Screenwriting: Demonstrates strong control over storytelling techniques, effectively using devices such as McGuffin and indirect narration to shape layered narratives. | CG2: Cinematography: Designs and executes camera movement on track/trolley with clear narrative intent and spatial awareness. | CH2: Editing: Demonstrates deep understanding of mise-en-scène, including 360° spatial relationships and reversals. Edits reflect strong control over internal and external rhythm, including tonal contrast and sensory cutting. Handles data copying, verified backups, metadata tagging, and transcoding systematically. Outputs are accurately prepared for Pro Tools and DI workflows. | CI2: Sound Design: Demonstrates high level skills in all the aligned outcomes of Sem IV | CJ2: Demonstrates strong compositing quality in visual effects, aligned with craft control and execution and executed with confidence. | CK2: Direction: Shows a clear understanding of direction and mise-en-scène, though execution lacks consistency in key scenes. | CL2: Production: Demonstrates a solid grasp of professional-level tasks, successfully applying Sem theory to produce effective, high-quality outcomes. | CM2: Screenwriting: Shows good understanding of storytelling techniques, though application of devices such as McGuffin or indirect narration lacks consistency. | CN2: Cinematography: Shows good control of track/trolley movement, though intent can be more clearly defined. | CO2: Editing: Understands mise-en-scène and spatial continuity, including basic 360° handling. However, filmic time and advanced cutting (tonal/sensory) are not fully developed. DIT workflow is functional. | CP2: Sound Design: Displays good skills of Sound Editing and Production Sound Recording with scope of refinement in Music Design | CQ2: Shows good compositing quality in visual effects, aligned with craft control and execution, with room for stronger polish. | CR2: Direction: Demonstrates a partial understanding of direction, though mise-en-scène lacks clarity and purpose. | CS2: Production: Demonstrates the basic skills required for Semester , though the work lacks the professional depth expected at this stage. | CT2: Screenwriting: Demonstrates basic understanding of storytelling techniques, though their application remains superficial. | CU2: Cinematography: Shows limited control over track/trolley movement, with unclear narrative purpose. | CV2: Editing: Basic awareness of staging, but struggles with spatial reversals and orientation. Filmic time and rhythm are inconsistent. DIT workflow is uneven. | CW2: Sound Design: Execution skills of Production Sound and Sound Editing is average; needs significant improvement in handling Dubbing | CX2: Shows basic compositing quality in visual effects, though consistency against craft control and execution expectations needs improvement. | CY2: Direction: Lacks a clear directorial vision, with mise-en-scène poorly defined and inconsistent. | CZ2: Production: Significant gaps in core fundamentals persist, hindering the ability to meet the advanced requirements of Semester | DA2: Screenwriting: Shows limited understanding of storytelling techniques, with ineffective or absent use of narrative devices. | DB2: Cinematography: Shows poor control of camera movement on track/trolley, without clear intent. | DC2: Editing: Cuts ignore blocking, staging, and 360° spatial logic. Viewer is frequently disoriented. | DD2: Sound Design: Requires significant improvement in Production Sound Recording and Dubbing Methods | DE2: Needs significant improvement in compositing quality in visual effects to meet craft control and execution expectations. | DF2: Direction: Demonstrates a strong episodic vision with clear thematic continuity, while further refining tonal consistency across episodes. | DG2: Production: Demonstrates a sophisticated ability to synthesize specialized Sem concepts into outcomes that exhibit both technical depth and creative flair. | DH2: Screenwriting: Demonstrates strong control over non-linear, oneiric, and non-dramatic structures, using fragmentation and temporal shifts to enhance meaning rather than disrupt clarity. | DI2: Cinematography: Designs and executes complex camera movements (crane, gimbal, rigs) with strong spatial awareness and narrative intent. | DJ2: Editing: Demonstrates strong control over genre, tension curves, and temporal structuring using varied metric patterns. Constructs meaning effectively. Shows disciplined workflow including data management, metadata, versioning, and delivery. Collaborates well with director/producer, contributing meaningfully to narrative decisions. | DK2: Sound Design: Demonstrates strong technical control in all Studio Post Production Works | DL2: Demonstrates strong compositing quality in visual effects, aligned with advanced workflow and collaboration and executed with confidence. | DM2: Direction: Shows a clear understanding of episodic direction, though thematic consistency varies across episodes. | DN2: Production: Demonstrates a consistent and strong command of Semester technical requirements, producing reliable and effective results. | DO2: Screenwriting: Shows good understanding of non-linear and experimental structures, though transitions and narrative clarity are inconsistent. | DP2: Cinematography: Shows good control of complex camera rigs, though movement intent can be more clearly defined. | DQ2: Editing: Editing reflects genre tone effectively. However, deeper signification through montage and juxtaposition is limited. Workflow is functional. | DR2: Sound Design: Executes Music and Foley Recording efficiently with scope of improvement in Mix | DS2: Shows good compositing quality in visual effects, aligned with advanced workflow and collaboration, with room for stronger polish. | DT2: Direction: Demonstrates limited understanding of episodic storytelling, with weak thematic coherence. | DU2: Production: Demonstrates a basic capability in specialized Semester tasks, though the execution lacks the depth of a seasoned practitioner. | DV2: Screenwriting: Demonstrates basic understanding of non-linear or alternative structures, though execution leads to confusion. | DW2: Cinematography: Shows limited control over complex camera rigs, with unclear movement intent. | DX2: Editing: Genre markers are present but inconsistent. Tension and pacing are uneven. Workflow shows gaps. | DY2: Sound Design: Displays basic skills of all Sound Post Production works; needs more improvement in Audio Signal Processing | DZ2: Shows basic compositing quality in visual effects, though consistency against advanced workflow and collaboration expectations needs improvement. | EA2: Direction: Lacks a clear episodic vision, with no consistent theme or narrative direction. | EB2: Production: Significant gaps in specialized knowledge are preventing the successful execution of advanced Semester production tasks. | EC2: Screenwriting: Shows limited understanding of non-linear or experimental structures, resulting in disjointed storytelling. | ED2: Cinematography: Shows poor control over camera rigs, with no clear narrative intent. | EE2: Editing: Editing lacks tonal consistency and narrative clarity. | EF2: Sound Design: Requires significant improvement in all operations of Dubbing, Foley and Music Recording | EG2: Needs significant improvement in compositing quality in visual effects to meet advanced workflow and collaboration expectations. | EH2: Direction: Demonstrates a mature directorial vision with strong audio-visual storytelling, while pushing further into stylistic distinctiveness. | EI2: Production: Demonstrates a masterful synthesis of all course competencies, culminating in a final production of exceptional professional quality. | EJ2: Screenwriting: Demonstrates strong clarity in premise and central conflict, establishing a focused narrative direction for the short film. | EK2: Cinematography: Develops a comprehensive pre-production plan with clear visual intent, including detailed shot division and lighting strategy. | EL2: Editing: Demonstrates strong industry readiness with clear pre-production planning, rhythm mapping, and execution. Handles DIT workflow (data copying, backups, metadata, transcoding) with discipline and meets timelines consistently. Shows strong problem-solving and applies feedback effectively. Minor refinements needed in final sound or DI precision. | EM2: Sound Design: Excellent skill in developing Sound Script and Sound Map; Manages Production Sound Recording very effectively | EN2: Demonstrates strong compositing quality in visual effects, aligned with professional readiness and final output and executed with confidence. | EO2: Direction: Shows a clear understanding of direction and storytelling, though consistency across the film can improve. | EP2: Production: Demonstrates a strong ability to bring all course skills together into a cohesive and well-executed final production. | EQ2: Screenwriting: Shows good understanding of premise, though the central conflict requires sharper definition. | ER2: Cinematography: Develops a structured pre-production plan, though some areas lack depth or detail. | ES2: Editing: Shows good narrative understanding and editing capability. However, workflow discipline (metadata, backups, versioning) is inconsistent. Requires stronger adherence to timelines and structured processes. | ET2: Sound Design: Demonstrates awareness of pre-production work of Sound Design; requires more attention in the execution of Sound Recording and Designing | EU2: Shows good compositing quality in visual effects, aligned with professional readiness and final output, with room for stronger polish. | EV2: Direction: Demonstrates a basic understanding of storytelling, though lacks a clear directorial voice. | EW2: Production: Demonstrates the basic capability required to complete the capstone, though the final work lacks the depth of a specialized professional. | EX2: Screenwriting: Demonstrates basic understanding of premise, though the central idea lacks clarity and focus. | EY2: Cinematography: Develops a basic pre-production plan, lacking detail in visual and technical planning. | EZ2: Editing: Shows basic editing ability but lacks consistency in workflow, data handling, and timelines. Problem-solving is limited when facing constraints. | FA2: Sound Design: Basic capability in doing Sound Recording and Editing; lacks consistency and precision in Audio Mix and Mastering of a film | FB2: Shows basic compositing quality in visual effects, though consistency against professional readiness and final output expectations needs improvement. | FC2: Direction: Lacks a coherent directorial vision, with weak or unclear storytelling. | FD2: Production: Significant gaps in foundational knowledge persist into the final semester, preventing the successful completion of a capstone-level project. | FE2: Screenwriting: Shows limited understanding of premise, with no clear central conflict or narrative focus. | FF2: Cinematography: Shows limited development of pre-production planning and visual strategy. | FG2: Editing: Limited narrative clarity and editing control. Does not demonstrate readiness for industry-level work. | FH2: Sound Design: Average level performance in Sound Design of a film; requires significant improvement in team collaboration and team spirit in a project | FI2: Needs significant improvement in compositing quality in visual effects to meet professional readiness and final output expectations. | FJ2: Demonstrates strong originality, aligned with professional readiness and final output and executed with confidence. | FK2: Shows good originality, aligned with professional readiness and final output, with room for stronger polish. | FL2: Shows basic originality, though consistency against professional readiness and final output expectations needs improvement. | FM2: Needs significant improvement in originality to meet professional readiness and final output expectations. | FN2: Demonstrates strong technical control, aligned with professional readiness and final output and executed with confidence. | FO2: Shows good technical control, aligned with professional readiness and final output, with room for stronger polish. | FP2: Shows basic technical control, though consistency against professional readiness and final output expectations needs improvement. | FQ2: Needs significant improvement in technical control to meet professional readiness and final output expectations. | FR2: Demonstrates strong responsibility, aligned with professional readiness and final output and executed with confidence. | FS2: Shows good responsibility, aligned with professional readiness and final output, with room for stronger polish. | FT2: Shows basic responsibility, though consistency against professional readiness and final output expectations needs improvement. | FU2: Needs significant improvement in responsibility to meet professional readiness and final output expectations.
A3: Editing | C3: B | F3: Screenwriting: Shows a clear understanding of story fundamentals, including premise, conflict, and character motivation, with effective application. | G3: Direction: Applies visual storytelling techniques (composition, camera angles, continuity) with clarity and purpose rather than imitation. | H3: Production: Demonstrates a sophisticated understanding of the brief, translating complex ideas into clear, semi-aligned outcomes with precision. | I3: Cinematography: Shows strong awareness of lensing and depth of field, using them purposefully to support visual storytelling. | J3: Sound Design: Demonstrates high-level clarity in Properties and Behaviour of Sound & Aural Perception vs Microphone Behaviour. | K3: Editing: Shots are arranged meaningfully to create clear progression rather than just continuity. Good use of duration to shape viewer attention. Minor refinement needed in emotional layering. | L3: Screenwriting: Demonstrates familiarity with story fundamentals, but application of conflict and character motivation is inconsistent. | M3: Demonstrates working knowledge of visual storytelling techniques, but application lacks consistency. | N3: Production: Shows a clear understanding of the project goals, though the connection between concept and outcome could be more explicit. | O3: Cinematography: Shows awareness of lenses and depth of field, but application is not always fully controlled. | P3: Sound Design: Shows good understanding in Properties and Behaviour of Sound & Aural Perception vs Microphone Behaviour. | Q3: Editing: Maintains continuity well, but editing relies more on correctness than emotional shaping. | R3: Screenwriting: Shows partial understanding of story fundamentals, with weak or unclear conflict. | S3: Direction: Struggles to apply visual storytelling principles effectively, leading to unclear visual communication. | T3: Production: While the main components are present, the work lacks the precision required for a polished or professional finish. | U3: Cinematography: Limited use of lenses and depth of field, with minimal impact on visual storytelling. | V3: Sound Design: Basic understanding in Properties and Behaviour of Sound & Aural Perception vs Microphone Behaviour. | W3: Editing: Shots are placed sequentially but do not build clear meaning or emotional flow. | X3: Screenwriting: Lacks understanding of basic story elements such as premise, conflict, and character. | Y3: Direction: Unable to apply fundamental visual storytelling principles such as composition and continuity. | Z3: Production: Execution is currently fragmented, with significant gaps in the production process that hinder a successful outcome. | AA3: Cinematography: Little to no effective use of lenses or depth of field in shaping the image. | AB3: Sound Design: Requires significant improvement in Properties and Behaviour of Sound & Aural Perception vs Microphone Behaviour. | AC3: Editing: Cuts are either purely functional or incorrect, breaking flow and understanding. | AD3: Screenwriting: Demonstrates strong control over scene writing, with clear progression, conflict, and purpose in each scene. | AE3: Direction: Works effectively with actors, guiding performances with clarity, consistency, and sensitivity to character. | AF3: Production: Shows exceptional clarity in aligning Semester objectives with final outputs, ensuring every element serves the intended purpose. | AG3: Cinematography: Controls rhythm, pace, and tempo effectively, enhancing the visual flow of the scene. | AH3: Sound Design: Demonstrates high-level clarity in Characteristics and Applications of Different Microphones. | AI3: Editing: Excellent dialogue editing and emotional rhythm. Montage connections are present but could be more conceptually layered; VFX integration is competent. | AJ3: Screenwriting: Demonstrates an understanding of scene construction, though progression and conflict need strengthening. | AK3: Direction: Works with actors effectively in parts, but requires more control in maintaining performance continuity. | AL3: Production: Execution is strong and reliable, though further refinement is needed to achieve a truly professional-grade finish. | AM3: Cinematography: Maintains a sense of rhythm and pacing, though execution lacks consistency. | AN3: Sound Design: Shows good understanding in Characteristics and Applications of Different Microphones. | AO3: Editing: Good conceptual and visual linking in montage. Dialogue scenes lack clarity in continuity, pacing, and emotional shaping. | AP3: Screenwriting: Scene writing is inconsistent, with unclear progression or purpose. | AQ3: Direction: Faces difficulty in directing actors, resulting in inconsistent or unclear performances. | AR3: Production: Shows an understanding of the required tools, but the final execution lacks the precision needed for a high-quality finish. | AS3: Cinematography: Struggles to maintain consistent rhythm, pace, and tempo. | AT3: Sound Design: Basic capability in Characteristics and Applications of Different Microphones. | AU3: Editing: Tries to build visual or conceptual links, but dialogue scenes and continuity are unclear. | AV3: Screenwriting: Scene writing lacks structure, with no clear beginning, development, or resolution. | AW3: Direction: Unable to direct actors effectively, leading to unclear or disengaged performances. | AX3: Production: The execution of practical work is currently underdeveloped, requiring a more rigorous approach to meet basic production standards. | AY3: Cinematography: Fails to control rhythm and pacing, affecting overall scene clarity. | AZ3: Sound Design: Requires significant improvement in Characteristics and Applications of Different Microphones. | BA3: Editing: Frequent errors in spatial and temporal logic disrupt the entire sequence. | BB3: Direction: Handles real-life material with sensitivity and clarity, though could push for more layered interpretation. | BC3: Production: Demonstrates absolute control over technical tools, resulting in an execution that is both flawless and aesthetically superior. | BD3: Screenwriting: Shows clear control over structure using frameworks such as the Fichtean Curve and Seven-Point Structure. Scenes are visually driven, with strong pre-visualisation and minimal reliance on exposition-heavy dialogue. | BE3: Cinematography: Controls gimbal operation with confidence, maintaining stability, balance, and shot precision. | BF3: Editing: Builds sequences with well-shaped filmic time and consistent rhythm. Sound-image relationships are effective, and documentary material is structured clearly. Minor refinements needed in technical finishing. | BG3: Sound Design: Demonstrated strong execution in Production Sound Recording and Sound Editing skills | BH3: Shows strong integration control in visual effects, aligned with interpretation and emerging craft ownership and executed with confidence. | BI3: Direction: Engages with subject matter effectively, but lacks consistency in narrative focus. | BJ3: Production: Execution is strong and reliable; however, a higher degree of technical polish is required to reach a professional standard | BK3: Screenwriting: Demonstrates familiarity with structural frameworks, though progression lacks precision in parts. Visual writing supports the narrative but could be more specific and cinematic. | BL3: Cinematography: Handles gimbal operation adequately, with minor issues in balance or stability. | BM3: Editing: Demonstrates sensitivity to rhythm and pacing. However, documentary material is not always shaped into a clear narrative. Technical execution is mostly consistent. | BN3: Sound Design: Shows clarity of choices in Sound Effects and good technical skills in Production Sound Recording with more efficiency required in Music Design | BO3: Demonstrates good integration control in visual effects, aligned with interpretation and emerging craft ownership, with room for stronger polish. | BP3: Direction: Engagement with subject is inconsistent, affecting narrative depth. | BQ3: Production:While the project is functional, a lack of precision in the final details prevents the work from achieving a professional standard. | BR3: Screenwriting: Attempts to apply structural frameworks, but narrative progression feels uneven or incomplete. Scenes rely heavily on dialogue rather than visual action. | BS3: Cinematography: Struggles with gimbal operation, affecting stability and framing. | BT3: Editing: Attempts to use rhythm, but visual and musical alignment is unclear. Narrative and documentary structuring are uneven. | BU3: Sound Design: Average understanding of Sound Editing and Sound Fx Design; requires significant improvement in Production Sound Recording | BV3: Demonstrates basic integration control in visual effects, though consistency against interpretation and emerging craft ownership expectations needs improvement. | BW3: Direction: Fails to engage meaningfully with subject matter, resulting in weak narrative. | BX3: Production: Practical execution remains underdeveloped, frequently failing to meet the basic technical standards required for this level. | BY3: Screenwriting: Overall work reflects insufficient understanding of Semester III concepts, with significant gaps in narrative construction, dialogue, and visual storytelling. | BZ3: Cinematography: Is unable to manage gimbal operation effectively, resulting in unstable shots. | CA3: Editing: Visual cuts do not relate to music or sound. Time construction is ineffective. Technical handling is minimal. | CB3: Sound Design: Requires significant improvement in Production Sound Recording and Sound Fx Design | CC3: Shows limited control over integration control in visual effects, and requires substantial improvement against interpretation and emerging craft ownership expectations. | CD3: Direction: Executes the long planned sequence with precision and clarity, while refining pacing for greater dramatic tension. | CE3: Production: Exhibits a superior command over specialized tools, delivering execution that is both technically flawless and aesthetically refined. | CF3: Screenwriting: Constructs scenes with precise control of dramatic tension, using pacing, retardation, and subtext to sustain engagement. | CG3: Cinematography: Maintains precise and consistent focus using wireless systems, demonstrating strong technical control. | CH3: Editing: Accurately interprets blocking, staging, and movement, maintaining spatial clarity across complex scenes. Uses axial and tonal cutting effectively to shape meaning. Demonstrates disciplined DIT workflow and clean audio/visual handoffs. | CI3: Sound Design: Demonstrates good understanding of concepts of Digital Audio Workstations; achieved efficiency in handling Production Sound and Sound Editing | CJ3: Shows strong integration control in visual effects, aligned with craft control and execution and executed with confidence. | CK3: Direction: Attempts the long planned sequence effectively, but requires tighter blocking and rehearsal. | CL3: Production: Execution is strong and dependable; however, minor technical refinements are needed to reach a seamless, industry-standard finish. | CM3: Screenwriting: Demonstrates awareness of dramatic tension and pacing, though rhythm and escalation require refinement. | CN3: Cinematography: Maintains focus using wireless systems, with minor inconsistencies. | CO3: Editing: Demonstrates sensitivity to rhythm and music. Struggles with spatial reversals or axial relationships. Data handling and exports are mostly correct. | CP3: Sound Design: Displays good skills of Sound Editing and Music Design with scope of refinement in Production Sound Recording | CQ3: Demonstrates good integration control in visual effects, aligned with craft control and execution, with room for stronger polish. | CR3: Direction: Attempts a long sequence, but execution suffers due to weak blocking and coordination. | CS3: Production: Shows a foundational understanding of the tools, but inconsistencies in the final execution prevent a polished, high-quality result. | CT3: Screenwriting: Attempts to create dramatic tension, but pacing and rhythm are uneven and lack control. | CU3: Cinematography: Struggles to maintain consistent focus using wireless systems. | CV3: Editing: Editing does not effectively shape time. Limited understanding of tonal or sensory cutting. Transcoding and media handling lack clarity. | CW3: Sound Design: Basic capability in doing Dubbing and Sound Editing; needs more proficiency in Production Sound Recording | CX3: Demonstrates basic integration control in visual effects, though consistency against craft control and execution expectations needs improvement. | CY3: Direction: Long planned sequence is ineffective due to inadequate planning and execution. | CZ3: Production: The final execution lacks the necessary technical foundation, resulting in outcomes that fall below the expected benchmark. | DA3: Screenwriting: Fails to establish dramatic tension; scenes lack pacing, conflict, and engagement. | DB3: Cinematography: Fails to maintain focus using wireless systems, affecting image clarity. | DC3: Editing: Editing lacks sense of time, rhythm, or emotional progression. | DD3: Sound Design: Requires significant improvement in Sound Editing and Sound Fx Design | DE3: Shows limited control over integration control in visual effects, and requires substantial improvement against craft control and execution expectations. | DF3: Direction: Effectively directs for long-form storytelling, though pacing between episodes can be tightened for stronger engagement. | DG3: Production: Achieves a rare level of clarity in complex outcomes, ensuring that every production detail aligns perfectly with the intended message. | DH3: Screenwriting: Applies adaptation with clear intertextual awareness, transforming source material through reinterpretation of theme, character, and context rather than direct replication. | DI3: Cinematography: Maintains precise focus using wireless systems, even in dynamic and complex shooting conditions. | DJ3: Editing: Builds genre tone through precise control of rhythm, pacing, and emotional progression. Uses montage and signification thoughtfully. Workflow, including DIT processes and exports, is consistent and reliable. | DK3: Sound Design: Executes Music and Foley Recording with great efficiency | DL3: Shows strong integration control in visual effects, aligned with advanced workflow and collaboration and executed with confidence. | DM3: Direction: Attempts multi-episode storytelling effectively, but character arcs need stronger continuity. | DN3: Production: Shows a clear purpose behind production choices, though further refinement would help more tightly align execution with the core intent. | DO3: Screenwriting: Demonstrates awareness of adaptation, though reinterpretation remains close to the source and lacks deeper transformation. | DP3: Cinematography: Maintains focus in most situations, with minor inconsistencies during complex shots. | DQ3: Editing: Demonstrates control over pacing and tension. Character POV and relational dynamics need further development. | DR3: Sound Design: Displays strong skills in independently handling Dubbing and Foley recording; requires betterment in executing Music recording | DS3: Demonstrates good integration control in visual effects, aligned with advanced workflow and collaboration, with room for stronger polish. | DT3: Direction: Attempts series structure, but episodes feel disconnected in tone and narrative. | DU3: Production: Shows an understanding of advanced tools, but inconsistencies in the final execution prevent the work from reaching a professional polish. | DV3: Screenwriting: Adaptation attempts are evident, but lack critical engagement, resulting in surface-level interpretation. | DW3: Cinematography: Struggles to maintain consistent focus in dynamic shooting conditions. | DX3: Editing: Scenes exist but lack clear progression or macro structure. Editing feels episodic without cohesion. | DY3: Sound Design: Displays basic skills in Dubbing and Foley recording; needs more improvement in Music Recording | DZ3: Demonstrates basic integration control in visual effects, though consistency against advanced workflow and collaboration expectations needs improvement. | EA3: Direction: Episodes are disjointed, failing to establish continuity or progression. | EB3: Production: The practical execution of work is currently below the required standard, lacking the basic stability needed for specialized outcomes. | EC3: Screenwriting: Fails to meaningfully adapt source material, with little evidence of interpretation. | ED3: Cinematography: Fails to maintain focus during complex shots, affecting image clarity. | EE3: Editing: Scenes lack pacing, rhythm, and tension-building strategies. | EF3: Sound Design: Requires significant improvement in Audio Signal Processing and Audio Mixing and Mastering | EG3: Shows limited control over integration control in visual effects, and requires substantial improvement against advanced workflow and collaboration expectations. | EH3: Direction: Creates an emotionally engaging narrative, though finer control of pacing could enhance impact. | EI3: Production: Displays absolute executive control over the production process, navigating the final semester's complexities with precision and ease. | EJ3: Screenwriting: Constructs a well-paced 20-minute script, with precise beat structuring, scene progression, and control over narrative rhythm. | EK3: Cinematography: Constructs thoughtful lighting and composition treatments that align strongly with narrative goals. | EL3: Editing: Exhibits confident editing decisions with strong control over pacing, tension, and performance. Adapts well to feedback and production constraints. Workflow and delivery are reliable, though trailer construction and promotional thinking require further depth. | EM3: Sound Design: Develops a comprehensive pre-production plan with a clear understanding of the Sound Design of any project; extremely skilled in Sound Editing | EN3: Shows strong integration control in visual effects, aligned with professional readiness and final output and executed with confidence. | EO3: Direction: Engages the audience in parts, but emotional impact is uneven. | EP3: Production: Shows a high level of technical proficiency; the final outcome is robust, requiring only minor refinements to meet a premium industry finish. | EQ3: Screenwriting: Develops a structured short film script, though pacing and scene progression require refinement. | ER3: Cinematography: Constructs lighting and composition approaches that support the narrative, though refinement is needed. | ES3: Editing: Demonstrates creative editing and some strong moments of rhythm and tension. Problem-solving is present but inconsistent under pressure. Feedback is partially applied. | ET3: Sound Design: Displays strong ability in Sound Recording and Design; requires more attention in pre-production stage in making Sound Designing strategy of a film | EU3: Demonstrates good integration control in visual effects, aligned with professional readiness and final output, with room for stronger polish. | EV3: Direction: Emotional engagement is limited, with uneven narrative development. | EW3: Production: Basic technical requirements are met, but inconsistencies in the final execution prevent the work from achieving a high-level, industry-standard finish. | EX3: Screenwriting: Attempts short film scripting, but structure and progression are inconsistent. | EY3: Cinematography: Applies lighting and composition concepts, though alignment with narrative is inconsistent. | EZ3: Editing: Demonstrates partial understanding of narrative and rhythm. Feedback is not consistently applied, affecting overall improvement. | FA3: Sound Design: Basic capability in doing Audio and Mastering; lacks consistency and precision in Sound Recording and Editing of a film | FB3: Demonstrates basic integration control in visual effects, though consistency against professional readiness and final output expectations needs improvement. | FC3: Direction: Fails to engage emotionally or narratively with the audience. | FD3: Production: The final production falls significantly short of the required technical standard, showing a lack of the practical discipline expected of a graduate. | FE3: Screenwriting: Short film script lacks structure, with no clear progression or resolution. | FF3: Cinematography: Applies lighting and composition without clear narrative alignment. | FG3: Editing: Struggles with pacing, rhythm, and emotional shaping. Editing lacks intentionality. | FH3: Sound Design: Requires significant improvement in Prodcution Sound Recording and all Sound Post Production works in a film | FI3: Shows limited control over integration control in visual effects, and requires substantial improvement against professional readiness and final output expectations. | FJ3: Shows strong creative voice, aligned with professional readiness and final output and executed with confidence. | FK3: Demonstrates good creative voice, aligned with professional readiness and final output, with room for stronger polish. | FL3: Demonstrates basic creative voice, though consistency against professional readiness and final output expectations needs improvement. | FM3: Shows limited control over creative voice, and requires substantial improvement against professional readiness and final output expectations. | FN3: Shows strong process accuracy, aligned with professional readiness and final output and executed with confidence. | FO3: Demonstrates good process accuracy, aligned with professional readiness and final output, with room for stronger polish. | FP3: Demonstrates basic process accuracy, though consistency against professional readiness and final output expectations needs improvement. | FQ3: Shows limited control over process accuracy, and requires substantial improvement against professional readiness and final output expectations. | FR3: Shows strong reliability, aligned with professional readiness and final output and executed with confidence. | FS3: Demonstrates good reliability, aligned with professional readiness and final output, with room for stronger polish. | FT3: Demonstrates basic reliability, though consistency against professional readiness and final output expectations needs improvement. | FU3: Shows limited control over reliability, and requires substantial improvement against professional readiness and final output expectations.
A4: Sound Design | C4: C | F4: Screenwriting: Writes with clarity and visual awareness, translating ideas into scenes that are cinematic and engaging. | G4: Direction: Effectively translates real-world observations into structured visual narratives with originality and insight. | H4: Production: Every production choice is backed by strong intent, showing a purposeful connection between the initial concept and the final result. | I4: Cinematography: Camera angles and composition are used thoughtfully, enhancing clarity and engagement in the frame. | J4: Sound Design: Demonstrates high-level clarity in Audio-Visual Relationships & Spatial and Temporal Relationships of Sound. | K4: Editing: Editing choices prioritise emotion through pauses and shot duration. Some continuity mismatches are present but do not disrupt overall impact. | L4: Screenwriting: Writes with basic clarity, though scenes lack strong visual or cinematic detail. | M4: Direction: Engages with observational exercises, though translation into compelling visual narratives needs refinement. | N4: Production: Execution is generally strong, though some areas would benefit from more rigorous quality control and attention to detail. | O4: Cinematography: Composition and camera angles are effective in parts, but lack consistency across shots. | P4: Sound Design: Shows good understanding in Audio-Visual Relationships & Spatial and Temporal Relationships of Sound. | Q4: Editing: Shows understanding of sequencing shots for meaning. Some moments feel mechanical or lack clear emotional intention. | R4: Screenwriting: Writing lacks visual clarity, making it difficult to translate ideas into cinematic scenes. | S4: Direction: Observational exercises lack clarity and are not effectively developed into structured visual narratives. | T4: Production: Demonstrates the ability to complete tasks, but the quality of output fluctuates significantly across different stages. | U4: Cinematography: Composition and framing appear functional rather than intentional. | V4: Sound Design: Basic understanding in Audio-Visual Relationships & Spatial and Temporal Relationships of Sound. | W4: Editing: Some variation in shots, but choices do not clearly support storytelling or viewer focus. | X4: Screenwriting: Writing is unclear and lacks cinematic quality, making it difficult to interpret as a screenplay. | Y4: Direction: Does not engage meaningfully with observational exercises or fails to translate them into narrative form. | Z4: Production: Frequent technical errors are present, suggesting a need for intensive practice with the basic tools and techniques. | AA4: Cinematography: Composition and framing lack structure and do not guide viewer attention. | AB4: Sound Design: Requires significant improvement in Audio-Visual Relationships & Spatial and Temporal Relationships of Sound. | AC4: Editing: Shot timing is ineffective, making the edit feel rushed or stagnant. | AD4: Screenwriting: Applies advanced story structures (Hero’s Journey / Story Circle) effectively to build engaging narratives. | AE4: Direction: Shows a nuanced understanding of scene construction, integrating performance, blocking, and visual elements cohesively. | AF4: Production: Execution is of a professional standard, characterized by meticulous attention to detail and a refined technical finish. | AG4: Cinematography: Constructs well-planned camera movements that support narrative progression. | AH4: Sound Design: Demonstrates high-level control and clarity in Different Audio Devices used in Sound Production. | AI4: Editing: Strong montage thinking with clear thematic links. Dialogue scenes are effective but can improve in continuity precision and pacing control. | AJ4: Screenwriting: Applies story structures appropriately, but narratives lack depth or originality. | AK4: Direction: Demonstrates an understanding of scene construction, though integration of elements needs refinement. | AL4: Production: Shows good alignment between project objectives and the final product, with minor gaps where intent could be clearer. | AM4: Cinematography: Attempts to plan camera movement, but alignment with the scene can be improved. | AN4: Sound Design: Shows good understanding and execution in Different Audio Devices used in Sound Production. | AO4: Editing: Clean edits and functional VFX work. Emotional depth through timing, pauses, and reactions is limited. | AP4: Screenwriting: Shows limited understanding of story structures, resulting in weak narrative flow. | AQ4: Direction: Scene construction lacks cohesion, with weak integration of visual and performance elements. | AR4: Production: Production output is variable; maintaining a steady level of quality across all Semester modules remains a key area for growth. | AS4: Cinematography: Lacks clear planning in camera movement, resulting in weak visual progression. | AT4: Sound Design: Basic capability in Different Audio Devices used in Sound Production. | AU4: Editing: Some moments work, but overall timing is uneven, affecting engagement and emotional flow. | AV4: Screenwriting: Does not demonstrate understanding of story structures or narrative progression. | AW4: Direction: Scene construction lacks coherence, with no integration of visual and performance elements. | AX4: Production: Struggles with the technical requirements of the semester, often resulting in incomplete or inaccurate outcomes. | AY4: Cinematography: Does not establish a clear plan for camera movement. | AZ4: Sound Design: Requires significant improvement in Different Audio Devices used in Sound Production. | BA4: Editing: Lack of rhythm; scenes feel rushed or unnecessarily prolonged. | BB4: Direction: Structures the narrative effectively, with scope to refine pacing for greater emotional impact. | BC4: Production: Every production element is underpinned by a profound sense of intent, reflecting a high-level conceptual maturity. | BD4: Screenwriting: Integrates theme and premise seamlessly into scene construction, with each beat contributing to both narrative and character progression. Subtext is consistently present, with underlying conflict shaping interactions. | BE4: Cinematography: Demonstrates strong focus pulling skills, maintaining accuracy and consistency across shots. | BF4: Editing: Editing shows strong musical sensitivity, with visual rhythm supporting narrative flow. Material is well interpreted and shaped. Workflow is efficient, though minor inconsistencies appear in output quality. | BG4: Sound Design: Demonstrated strong execution in Production Sound Recording and Music Designing skills | BH4: Exhibits strong technical finish in visual effects, aligned with interpretation and emerging craft ownership and executed with confidence. | BI4: Direction: Demonstrates basic structure, though pacing fluctuates across the film. | BJ4: Production: Shows clear intent in production choices, though the connection between concept and final execution could be more tightly woven. | BK4: Screenwriting: Overall work is competent and structured, with clear scope for strengthening integration between narrative theory, structure, and expressive writing techniques. | BL4: Cinematography: Maintains focus in most situations, though consistency needs improvement. | BM4: Editing: Workflows in Avid Media Composer are efficient and output is clean. Filmic time feels mechanical rather than intentionally structured. | BN4: Sound Design: Shows confidence in handling Production Sound Recording; requires improvement in creative choices in Sound Editing | BO4: Displays good technical finish in visual effects, aligned with interpretation and emerging craft ownership, with room for stronger polish. | BP4: Direction: Lacks a strong structure, resulting in uneven progression. | BQ4: Production: Shows intermittent success in production; however, maintaining a high standard across all Sem outcomes remains a challenge. | BR4: Screenwriting: Theme and premise are underdeveloped, with limited influence on narrative direction. Subtext is minimal, with most interactions operating at a literal level. | BS4: Cinematography: Maintains inconsistent focus, with noticeable errors during execution. | BT4: Editing: Struggles to interpret and organise raw material. Filmic time and pacing feel inconsistent. Technical workflow is basic. | BU4: Sound Design: Average skills developed in Sound Editing and Music Design; requres significant improvement in Sound Fx Design | BV4: Indicates basic technical finish in visual effects, though consistency against interpretation and emerging craft ownership expectations needs improvement. | BW4: Direction: Structure is absent or unclear, affecting overall comprehension. | BX4: Production: Struggles to align technical outputs with the semester’s objectives, resulting in work that lacks direction and purpose. | BY4: Screenwriting: Fails to apply basic structural frameworks, resulting in disjointed or incomplete narrative progression. Scenes lack coherence. | BZ4: Cinematography: Fails to maintain focus, significantly affecting image clarity. | CA4: Editing: Scenes feel random in duration and progression. Documentary material is not shaped meaningfully. | CB4: Sound Design: Requires significant improvement in Production Sound Recording and Sound Editing | CC4: Requires significant improvement in technical finish in visual effects to meet interpretation and emerging craft ownership expectations. | CD4: Direction: Integrates all departments cohesively, though minor inconsistencies in tonal control can be improved. | CE4: Production: Shows profound clarity in aligning Semester outcomes with professional intent, ensuring every production choice is purposeful. | CF4: Screenwriting: Applies complex narrative structures, including non-linear timelines and ellipsis, with clarity and coherence. | CG4: Cinematography: Coordinates effectively within a multi-camera setup, ensuring visual consistency across angles. | CH4: Editing: Enhances performances through precise timing and shot selection, including effective handling of spatial reversals. Strong alignment of visual rhythm with sound and music. DIT processes and transcoding workflows are well managed. | CI4: Sound Design: Demonstrates excellent aptitude in Music Design; achieved efficiency in handling Production Sound and Sound Editing | CJ4: Exhibits strong technical finish in visual effects, aligned with craft control and execution and executed with confidence. | CK4: Direction: Coordinates departments well, though integration with narrative intent can be stronger. | CL4: Production: Shows clear and deliberate intent in all production phases, though some choices would benefit from deeper critical justification. | CM4: Screenwriting: Uses non-linear elements such as ellipsis or reverse chronology, though transitions can be unclear. | CN4: Cinematography: Works within multi-camera setups with basic coordination, though consistency can improve. | CO4: Editing: Handles data copying, backups, and transcoding reliably. Editing remains functional, with limited use of tonal contrast or sensory cutting. | CP4: Sound Design: Shows good understanding of concepts of Digital Audio and Sequence Analysis; requires betterment in Sound Editing and Music Design skills | CQ4: Displays good technical finish in visual effects, aligned with craft control and execution, with room for stronger polish. | CR4: Direction: Limited integration between departments, affecting overall narrative cohesion. | CS4: Production: While outcomes are functional, the quality is variable, suggesting a need for more consistent control throughout the production cycle. | CT4: Screenwriting: Use of non-linear storytelling is unclear, affecting narrative coherence. | CU4: Cinematography: Shows limited coordination in multi-camera setups, leading to inconsistencies. | CV4: Editing: Attempts to shape performance but lacks control over timing and shot choice. Take selection appears inconsistent. | CW4: Sound Design: Basic understanding of the concepts of Digital Audio; needs to significantly improve performances in Sound Editing and Music Design | CX4: Indicates basic technical finish in visual effects, though consistency against craft control and execution expectations needs improvement. | CY4: Direction: Fails to coordinate departments, resulting in a disjointed narrative. | CZ4: Production: Struggles to apply Semester tools correctly, leading to production errors that compromise the integrity of the project. | DA4: Screenwriting: Non-linear elements are misapplied or absent, resulting in disjointed storytelling. | DB4: Cinematography: Is unable to coordinate effectively in a multi-camera setup. | DC4: Editing: Editing does not enhance performances. Take selection lacks purpose. | DD4: Sound Design: Requires significant improvement in Production Sound Recording and Sound Editing | DE4: Requires significant improvement in technical finish in visual effects to meet craft control and execution expectations. | DF4: Direction: Integrates narrative arcs and character progression seamlessly, with scope to deepen subtextual layering. | DG4: Production: Execution is authoritative and precise, reflecting a deep-seated mastery of advanced workflows and industry-standard finishing. | DH4: Screenwriting: Engages real-life events with narrative depth and ethical sensitivity, balancing factual grounding with dramatic construction and character perspective. | DI4: Cinematography: Demonstrates a clear understanding of cinematographic styles and applies them effectively in practice.0 | DJ4: Editing: Goes beyond footage to construct layered meaning through juxtaposition and narrative restructuring. Demonstrates strong POV control and character dynamics. VFX, graphics, and sound are integrated effectively within a structured pipeline. | DK4: Sound Design: Executes Music and Dubbing works with great efficiency | DL4: Exhibits strong technical finish in visual effects, aligned with advanced workflow and collaboration and executed with confidence. | DM4: Direction: Demonstrates awareness of VOD format, though audience engagement strategies can improve. | DN4: Production: Displays a good ability to execute complex tasks analytically, ensuring that outcomes meet the high standards of the semester. | DO4: Screenwriting: Engages with real-life material, though ethical framing and narrative perspective require further development. | DP4: Cinematography: Shows understanding of different cinematography styles, though application can be more refined. | DQ4: Editing: Handles data, metadata, and pipeline processes efficiently. Editing remains safe, with limited experimentation in form or meaning. | DR4: Sound Design: Demonstrates proficiency in Sound Editing with scope of refinement in aesthetic sense in Sound Design | DS4: Displays good technical finish in visual effects, aligned with advanced workflow and collaboration, with room for stronger polish. | DT4: Direction: Character development is inconsistent, affecting overall engagement. | DU4: Production: Production quality fluctuates; a more stable and consistent approach is needed to handle the heightened complexity of the semester. | DV4: Screenwriting: Engagement with real-life events is superficial, with limited consideration of ethical or narrative positioning. | DW4: Cinematography: Shows limited understanding of cinematography styles and their application. | DX4: Editing: Limited ability to create meaning beyond literal continuity. Juxtaposition lacks clarity. | DY4: Sound Design: Displays basic skills in Dubbing and Foley recording; needs more improvement in Music Recording | DZ4: Indicates basic technical finish in visual effects, though consistency against advanced workflow and collaboration expectations needs improvement. | EA4: Direction: Character arcs are unclear or absent, reducing audience engagement. | EB4: Production: Struggles to communicate a clear purpose through production, resulting in outcomes that feel disjointed and lacking in intent. | EC4: Screenwriting: Real-life narratives lack clarity, with no evident ethical consideration or narrative framing. | ED4: Cinematography: Shows little understanding of cinematography styles. | EE4: Editing: Editing remains literal; no attempt to construct deeper meaning through montage. | EF4: Sound Design: Needs to develop the understanding of the process of Audio Mix and the application of Signal Processors | EG4: Requires significant improvement in technical finish in visual effects to meet advanced workflow and collaboration expectations. | EH4: Direction: Integrates mise-en-scène effectively, with scope to deepen symbolic and thematic layering. | EI4: Production: Every production choice is underpinned by a profound and sophisticated intent, reflecting a high level of creative and intellectual maturity. | EJ4: Screenwriting: Demonstrates critical comparative analysis of a screenwriter’s work, identifying differences in voice, structure, and thematic concerns. | EK4: Cinematography: Demonstrates strong ownership of the visual language across the graduation project. | EL4: Editing: Shows strong narrative construction and collaboration with director/producer. Problem-solving is evident during on-set and post challenges. Technical competency is solid, though workflow consistency and versioning can improve. | EM4: Sound Design: Constructs thoughtful ideas about Sound Deign in a film; efficient in handling all Sound Post works | EN4: Exhibits strong technical finish in visual effects, aligned with professional readiness and final output and executed with confidence. | EO4: Direction: Uses mise-en-scène effectively in moments, though not fully integrated throughout. | EP4: Production: Production choices are deliberate and well-considered, showing a clear connection between the final outcome and the original project goals. | EQ4: Screenwriting: Engages with screenwriter study, though comparative analysis remains surface-level. | ER4: Cinematography: Shows clear visual intent in the project, though consistency can be improved. | ES4: Editing: Technically capable with basic workflow understanding. Editing decisions remain safe, with limited exploration of meaning or structure. Needs more initiative in creative problem-solving. | ET4: Sound Design: Displays strong ability in Sound Recording and Design; requires more attention in executing Audio Mix and Mastering process in a film | EU4: Displays good technical finish in visual effects, aligned with professional readiness and final output, with room for stronger polish. | EV4: Direction: Mise-en-scène is functional but lacks purpose and cohesion. | EW4: Production: The production is functional, but lacks the consistent control needed to handle the multifaceted demands of a final-semester project. | EX4: Screenwriting: Author study is descriptive, with minimal comparative or analytical insight. | EY4: Cinematography: Shows some visual intent, but lacks consistency across the project. | EZ4: Editing: Technical competency is developing, but errors in media management, exports, and pipeline affect output quality. | FA4: Sound Design: Basic capability in making a pre-production planning of Sound Design for a project; lacks technical proficiency in all aspects of Sound Design | FB4: Indicates basic technical finish in visual effects, though consistency against professional readiness and final output expectations needs improvement. | FC4: Direction: Mise-en-scène is poorly developed or inconsistent. | FD4: Production: Struggles to manage the technical complexities of the final semester, resulting in an outcome that is underdeveloped and lacks professional finish. | FE4: Screenwriting: Author study lacks analysis, with no meaningful comparison of works. | FF4: Cinematography: Lacks consistency and clarity in visual execution across the project. | FG4: Editing: Poor data handling and DIT practices affect workflow and output reliability. | FH4: Sound Design: Requires significant improvement in Audio Mix and Mastering in a film; needs to have better judgement of recording quality of Production Sound | FI4: Requires significant improvement in technical finish in visual effects to meet professional readiness and final output expectations. | FJ4: Exhibits strong narrative sensitivity, aligned with professional readiness and final output and executed with confidence. | FK4: Displays good narrative sensitivity, aligned with professional readiness and final output, with room for stronger polish. | FL4: Indicates basic narrative sensitivity, though consistency against professional readiness and final output expectations needs improvement. | FM4: Requires significant improvement in narrative sensitivity to meet professional readiness and final output expectations. | FN4: Exhibits strong workflow discipline, aligned with professional readiness and final output and executed with confidence. | FO4: Displays good workflow discipline, aligned with professional readiness and final output, with room for stronger polish. | FP4: Indicates basic workflow discipline, though consistency against professional readiness and final output expectations needs improvement. | FQ4: Requires significant improvement in workflow discipline to meet professional readiness and final output expectations. | FR4: Exhibits strong team conduct, aligned with professional readiness and final output and executed with confidence. | FS4: Displays good team conduct, aligned with professional readiness and final output, with room for stronger polish. | FT4: Indicates basic team conduct, though consistency against professional readiness and final output expectations needs improvement. | FU4: Requires significant improvement in team conduct to meet professional readiness and final output expectations.
A5: VFX | C5: D | F5: Screenwriting: Demonstrates strong control over basic story structure, creating coherent narratives using the three-act framework. | G5: Direction: Effectively translates real-world observations into structured visual narratives with originality and insight. | H5: Production: High-level execution is evident throughout the project; the work is finished to a superior standard with meticulous attention to detail. | I5: Cinematography: Displays consistent technical control across exposure and white balance, with well-executed framing decisions. | J5: Sound Design: Demonstrates high-level control and clarity in Portable Audio Recording Devices. | K5: Editing: Shot choices and order clearly guide meaning and viewer focus. Editing avoids purely functional cuts. Technical handling is strong with minor inconsistencies. | L5: Screenwriting: Understands the three-act structure, but narrative progression tends to be predictable. | M5: Direction: Understands the basics of continuity and decoupage, but struggles with clarity in complex scenes. | N5: Production: Outcomes are semi-aligned with the brief, showing a functional bridge between theory and practical application. | O5: Cinematography: Basic continuity is maintained, though minor lapses affect the overall flow. | P5: Sound Design: Shows good understanding and execution in Portable Audio Recording Devices. | Q5: Editing: Shot selection supports the story, but duration is not always used effectively to build rhythm or emotion. | R5: Screenwriting: Struggles with basic story structure, resulting in disjointed or incomplete narratives. | S5: Direction: Demonstrates partial understanding of continuity, resulting in inconsistencies in scene construction. | T5: Production: Basic technical requirements have been met, yet inconsistencies in execution detract from the overall impact of the outcome. | U5: Cinematography: Camera angles are used without clear purpose or variation. | V5: Sound Design: Basic capability in Portable Audio Recording Devices. | W5: Editing: Shot lengths feel random; pacing does not support mood or engagement. | X5: Screenwriting: Does not demonstrate understanding of basic story structure. | Y5: Direction: Lacks understanding of continuity and decoupage, resulting in disjointed and incoherent scene construction. | Z5: Production: Concepts are often introduced but lack the necessary development or execution to reach a completed state. | AA5: Cinematography: Camera angles appear arbitrary, without supporting the visual intent. | AB5: Sound Design: Requires significant improvement in Portable Audio Recording Devices. | AC5: Editing: Shots do not support the story or emotional intent. | AD5: Screenwriting: Shows strong understanding of conflict, creating tension that drives the narrative forward. | AE5: Direction: Applies staging patterns (I, A, L, C, S) effectively to enhance visual storytelling and spatial dynamics. | AF5: Production: Every production decision is driven by strong, discernible intent, reflecting a deep conceptual understanding of the medium. | AG5: Cinematography: Integrates emotion with camera movement, strengthening storytelling impact. | AH5: Sound Design: Demonstrates high-level control and clarity in Sound Recording & Sound Editing of Dialogue Scenes. | AI5: Editing: Editing creates strong emotional impact through pacing and reactions. Minor technical or VFX integration inconsistencies are visible. | AJ5: Screenwriting: Shows awareness of conflict, though it is not consistently developed across the script. | AK5: Direction: Uses staging patterns with some awareness, but application lacks precision. | AL5: Production: The work is well-developed, yet there remains visible scope for refinement in the more intricate details of the production. | AM5: Cinematography: Indicates some connection between emotion and movement, though not fully developed. | AN5: Sound Design: Shows good understanding and execution in Sound Recording & Sound Editing of Dialogue Scenes. | AO5: Editing: Good use of reactions and pacing for emotion. Technical execution and VFX integration need refinement. | AP5: Screenwriting: Conflict is underdeveloped or unclear, reducing engagement. | AQ5: Direction: Shows limited understanding of staging patterns and their application. | AR5: Production: There is a general alignment with the project brief, but the execution often lacks the clarity to fully communicate the intended outcome. | AS5: Cinematography: Reveals a weak connection between emotion and camera movement. | AT5: Sound Design: Basic capability in Sound Recording & Sound Editing of Dialogue Scenes. | AU5: Editing: Frequent mismatches in eyelines, movement, or screen direction disrupt viewing. | AV5: Screenwriting: Conflict is absent or ineffective. | AW5: Direction: Does not demonstrate understanding of staging patterns or spatial dynamics. | AX5: Production: Demonstrates limited clarity in how to translate instructions into a finished product; further guidance on core concepts is essential. | AY5: Cinematography: Shows no meaningful connection between emotion and visual movement. | AZ5: Sound Design: Requires significant improvement in Sound Recording & Sound Editing of Dialogue Scenes. | BA5: Editing: Dialogue, silence, and sound are poorly used or disconnected from visuals. | BB5: Direction: Shows excellent control over subject engagement, while allowing more spontaneity to emerge. | BC5: Production: Outcomes are perfectly aligned with Semester objectives, showing a rare clarity in translating complex theory into practice. | BD5: Screenwriting: Demonstrates advanced understanding of genre conventions, using them with originality. Dialogue, action, and visual elements work together to create layered storytelling. | BE5: Cinematography: Integrates focus, focal length, and depth of field thoughtfully to enhance visual storytelling. | BF5: Editing: Demonstrates clear understanding of raw material, structuring it into a compelling narrative. Filmic time is well managed, with good rhythm alignment. Technical and workflow processes are largely consistent. | BG5: Sound Design: Demonstrated strong execution in Production Sound Recording and Sound Effects Designing skills | BH5: Reflects strong visual consistency in visual effects, aligned with interpretation and emerging craft ownership and executed with confidence. | BI5: Direction: Shows awareness of real-world storytelling, though observational detail is limited. | BJ5: Production: Outcomes are well-aligned with the semester’s advanced objectives, showing a disciplined and thoughtful approach to the brief. | BK5: Screenwriting: Theme and premise are present, though their integration into scenes and character decisions can be more clearly developed. Subtext appears in moments but is not sustained. | BL5: Cinematography: Applies depth of field and focal length with some awareness, though not always effectively. | BM5: Editing: Understands how to handle footage and build narrative. Rhythm and sound-image alignment are inconsistent. | BN5: Sound Design: Shows good understanding of Sound Editing with scope for improvement in Sound Fx Design and Music Design | BO5: Reflects good visual consistency in visual effects, aligned with interpretation and emerging craft ownership, with room for stronger polish. | BP5: Direction: Relies on surface-level observation, with minimal insight or interpretation. | BQ5: Production: Basic technical goals are met, but frequent inconsistencies in execution suggest a need for more rigorous self-review. | BR5: Screenwriting: Limited understanding of genre conventions results in inconsistent tone and unclear genre identity. | BS5: Cinematography: Shows limited understanding of the relationship between focus, focal length, and depth of field. | BT5: Editing: Execution in Avid Media Composer shows errors. Rhythm, time structuring, and narrative clarity are affected. | BU5: Sound Design: Average skills developed in Sound Editing; requires significant improvement in creative aspects of Sound Fx Design | BV5: Communicates basic visual consistency in visual effects, though consistency against interpretation and emerging craft ownership expectations needs improvement. | BW5: Direction: Shows minimal understanding of observational or non-fiction storytelling. | BX5: Production: Projects often lack the necessary follow-through, with key production phases left incomplete or poorly executed. | BY5: Screenwriting: Theme and premise are unclear or absent, with no meaningful integration into the script. Subtext is not evident. | BZ5: Cinematography: Shows little understanding of focus, focal length, and depth of field relationships. | CA5: Editing: Significant errors in Avid Media Composer. Output quality affects narrative and rhythm. | CB5: Sound Design: Requires significant improvement in Production Sound Recording and Music Design | CC5: Lacks control over visual consistency in visual effects, and requires substantial improvement against interpretation and emerging craft ownership expectations. | CD5: Direction: Shows excellent command over blocking and actor direction, with scope to deepen subtext in performances. | CE5: Production: Execution is characterized by a high degree of precision, reflecting a disciplined and meticulous approach to the final production phase. | CF5: Screenwriting: Creates effective montage sequences, integrating voice-over, music, and natural sound to convey meaning visually. | CG5: Cinematography: Shapes light purposefully to support storytelling, with strong control over mood and atmosphere. | CH5: Editing: Balances internal shot rhythm with external edit rhythm using sensory and tonal contrast cutting. Maintains spatial continuity across 360° movement. Workflow from ingestion to DI output is consistent and reliable. | CI5: Sound Design: Demonstrates effeciency in handling complex situations in Production Sound; shows good understanding of the concepts of Sequence Analysis | CJ5: Reflects strong visual consistency in visual effects, aligned with craft control and execution and executed with confidence. | CK5: Direction: Demonstrates basic control over performances, though emotional depth needs refinement. | CL5: Production: Successfully aligns complex project goals with final outputs, maintaining a clear and logical workflow throughout the semester. | CM5: Screenwriting: Montage sequences are functional, though integration of sound and image can be more purposeful. | CN5: Cinematography: Uses lighting effectively, though control over mood and shaping can be refined. | CO5: Editing: Enhances performances through timing and reactions. Workflow from ingest to DI/Pro Tools requires better organisation and consistency. | CP5: Sound Design: Handles Dubbing effectively in an independent manner; requires betterment in Production Sound Recording skills | CQ5: Reflects good visual consistency in visual effects, aligned with craft control and execution, with room for stronger polish. | CR5: Direction: Actor direction is inconsistent, with performances lacking clarity in motivation. | CS5: Production: Projects are generally aligned with the brief, but the execution lacks the clarity of intent required for a sophisticated outcome. | CT5: Screenwriting: Montage sequences are attempted but lack clear purpose or integration of sound elements. | CU5: Cinematography: Applies lighting without clear intent, resulting in uneven visual outcomes. | CV5: Editing: Errors in Avid Media Composer usage affect editing. Data copying, backups, and metadata organisation are unreliable. | CW5: Sound Design: Basic awareness of Production Sound; needs special attention in all aspects of Sound Post Production | CX5: Communicates basic visual consistency in visual effects, though consistency against craft control and execution expectations needs improvement. | CY5: Direction: Actor direction is minimal, leading to unclear and unconvincing performances. | CZ5: Production: A recurring lack of precision in the production process suggests a need to revisit basic techniques and quality control measures. | DA5: Screenwriting: Montage sequences are unclear or incomplete, with no effective use of sound or visual progression. | DB5: Cinematography: Uses lighting without clear purpose, resulting in weak visual storytelling. | DC5: Editing: No evidence of tonal, sensory, or axial cutting. Edits remain mechanical or incorrect. | DD5: Sound Design: Struggles in understanding the concepts of Digital Audio; needs significant improvement in Dubbing methods | DE5: Lacks control over visual consistency in visual effects, and requires substantial improvement against craft control and execution expectations. | DF5: Direction: Shows excellent understanding of VOD storytelling dynamics, while pushing for more innovative visual treatment. | DG5: Production: Every production choice is underpinned by a refined strategic intent, showing a mature understanding of how to achieve specific, high-level goals. | DH5: Screenwriting: Develops sharp advertisement concepts, with concise one-liners and clearly visualised narrative hooks suited to short-form storytelling. | DI5: Cinematography: Adapts confidently to available light and challenging night conditions, maintaining visual consistency. | DJ5: Editing: Designs clear build–release patterns and tension arcs across sequences. Uses metric variation and intercutting effectively. Demonstrates strong collaboration and organised workflow from ingest to delivery. | DK5: Sound Design: Chooses and shapes Sound Effects efficiently with strong aesthetic sense of Sound Design | DL5: Reflects strong visual consistency in visual effects, aligned with advanced workflow and collaboration and executed with confidence. | DM5: Direction: Maintains basic directorial control, though tonal shifts between episodes feel uneven. | DN5: Production: Successfully aligns production outcomes with project goals, with minor scope for greater precision in the finer, advanced details. | DO5: Screenwriting: Advertisement concepts are clear, though one-liners lack sharpness and visual execution can be more defined. | DP5: Cinematography: Adapts to available light conditions, though consistency can be improved. | DQ5: Editing: Story structure is clear. Integration of motion graphics and VFX lacks cohesion with edit rhythm. | DR5: Sound Design: Integrates Dialog, Sound Effects and Music effectively for a scene; requires more proficiency in applying Signal Processing in an Audio Mix | DS5: Reflects good visual consistency in visual effects, aligned with advanced workflow and collaboration, with room for stronger polish. | DT5: Direction: Shows basic direction skills, though lacks control over pacing and progression. | DU5: Production: Outcomes generally follow the brief, but the lack of precision often obscures the clarity of the original intent. | DV5: Screenwriting: Advertisement writing lacks conceptual clarity, with weak or unfocused central ideas. | DW5: Cinematography: Shows difficulty adapting to available light and night shooting conditions. | DX5: Editing: Editing: Some strong emotional moments through timing and reactions. Overall progression and continuity are uneven. | DY5: Sound Design: Displays basic skills in Dubbing and Music recording; needs more improvement in Foley Recording | DZ5: Communicates basic visual consistency in visual effects, though consistency against advanced workflow and collaboration expectations needs improvement. | EA5: Direction: Direction shows minimal control over tone, pacing, and storytelling. | EB5: Production: The production process is currently fragmented; a more disciplined and consistent approach is vital to achieving a viable result. | EC5: Screenwriting: Advertisement concepts are unclear or lack a central idea, with no defined audience or intent. | ED5: Cinematography: Is unable to adapt to available light or night shooting conditions. | EE5: Editing: Issues in file management, metadata, backups, and export processes. | EF5: Sound Design: Requires to independently handle Dubbing or Foley recording efficiently | EG5: Lacks control over visual consistency in visual effects, and requires substantial improvement against advanced workflow and collaboration expectations. | EH5: Direction: Shows excellent command over performances and blocking, while refining subtle emotional transitions. | EI5: Production: Execution is of a superior industry standard, characterized by meticulous attention to detail and a seamless final finish. | EJ5: Screenwriting: Applies insights from screenwriter study to their own writing, reflecting awareness of voice, form, and narrative choices. | EK5: Cinematography: Interprets and translates directorial vision effectively into cohesive cinematographic decisions. | EL5: Editing: Demonstrates high creative and critical editorial application, especially in shaping time and emotional progression. Meets deadlines and maintains organised workflow. Minor gaps exist in integrating sound and final finishing processes. | EM5: Sound Design: Demonstrates strong ownership of Sound Designing in an assigned film project starting from scripting to Final Output | EN5: Reflects strong visual consistency in visual effects, aligned with professional readiness and final output and executed with confidence. | EO5: Direction: Demonstrates control over actors, though performances lack depth in key scenes. | EP5: Production: Successfully manages the complex requirements of a capstone project, ensuring that the final output is aligned with Semester standards. | EQ5: Screenwriting: Shows awareness of authorial voice, though its application to their own writing is inconsistent. | ER5: Cinematography: Interprets direction effectively, though execution may lack precision in parts. | ES5: Editing: Works well in collaboration and responds to direction. However, struggles to translate feedback into consistent improvements across the edit. | ET5: Sound Design: Displays strong ability in Audio Mix and Mastering; requires more attention in execution of Sound Recording and Designing | EU5: Reflects good visual consistency in visual effects, aligned with professional readiness and final output, with room for stronger polish. | EV5: Direction: Actor direction is inconsistent, affecting performance quality. | EW5: Production: Successfully aligns the final outcome with basic semester objectives, though the execution often lacks the clarity to fully realize the intended vision. | EX5: Screenwriting: Limited understanding of authorial voice, with no clear influence on their own writing. | EY5: Cinematography: Interprets direction with limited clarity, affecting execution. | EZ5: Editing: Editing shows isolated strong ideas, but lacks sustained structure and clarity. Workflow processes are inconsistently followed. | FA5: Sound Design: Basic capability in making a pre-production planning of Sound Design for a project; lacks technical proficiency in Sound Recording and Post in a film | FB5: Communicates basic visual consistency in visual effects, though consistency against professional readiness and final output expectations needs improvement. | FC5: Direction: Minimal control over performances, resulting in unconvincing acting. | FD5: Production: The work lacks the necessary clarity of intent; production choices appear disconnected from the project objectives and final-semester brief. | FE5: Screenwriting: Does not demonstrate awareness of authorial voice or its relevance to writing practice. | FF5: Cinematography: Struggles to interpret and translate direction into cinematographic decisions. | FG5: Editing: Poor data handling and DIT practices affect workflow and output reliability. | FH5: Sound Design: Requires significant improvement in Prodcution Sound Recording; needs to build technical proficiency in Sound Editing and Track Laying in a film | FI5: Lacks control over visual consistency in visual effects, and requires substantial improvement against professional readiness and final output expectations. | FJ5: Reflects strong expressive judgement, aligned with professional readiness and final output and executed with confidence. | FK5: Reflects good expressive judgement, aligned with professional readiness and final output, with room for stronger polish. | FL5: Communicates basic expressive judgement, though consistency against professional readiness and final output expectations needs improvement. | FM5: Lacks control over expressive judgement, and requires substantial improvement against professional readiness and final output expectations. | FN5: Reflects strong execution stability, aligned with professional readiness and final output and executed with confidence. | FO5: Reflects good execution stability, aligned with professional readiness and final output, with room for stronger polish. | FP5: Communicates basic execution stability, though consistency against professional readiness and final output expectations needs improvement. | FQ5: Lacks control over execution stability, and requires substantial improvement against professional readiness and final output expectations. | FR5: Reflects strong communication discipline, aligned with professional readiness and final output and executed with confidence. | FS5: Reflects good communication discipline, aligned with professional readiness and final output, with room for stronger polish. | FT5: Communicates basic communication discipline, though consistency against professional readiness and final output expectations needs improvement. | FU5: Lacks control over communication discipline, and requires substantial improvement against professional readiness and final output expectations.
F6: Screenwriting: Shows originality and depth in creative writing exercises, with a distinct narrative voice and perspective. | G6: Direction: Maintains a detailed and reflective film diary, demonstrating critical thinking and evolving directorial perspective. | H6: Production: Successfully achieves semi-aligned outcomes that bridge the gap between creative experimentation and disciplined production. | I6: Cinematography: Demonstrates a good sense of continuity and shot construction, with minimal disruptions in visual flow. | J6: Sound Design: Demonstrates high-level control and clarity in Location Sound Recording. | K6: Editing: Shows confidence in moving beyond basic continuity to create expressive cuts. Emotional beats are well-timed; slight improvement needed in precision or smoothness. | L6: Screenwriting: Shows effort in creative writing, though originality and depth could be improved. | M6: Direction: Maintains a film diary, though reflections are inconsistent or lack depth. | N6: Production: The work is effective and well-produced, yet there remains visible scope for refinement in the final aesthetic/technical layers. | O6: Cinematography: Close-ups and framing show intent, but could be used more purposefully. | P6: Sound Design: Shows good understanding and execution in Location Sound Recording. | Q6: Editing: Clean work in Adobe Premiere Pro. Needs to move beyond technical correctness toward expressive editing decisions. | R6: Screenwriting: Creative writing exercises lack originality and depth, often relying on predictable ideas. | S6: Direction: Film diary is incomplete or lacks meaningful reflection and critical engagement. | T6: Production: Outcomes show a general understanding of the brief, but the alignment between intent and result is often loose or vague. | U6: Cinematography: Continuity issues are noticeable and affect the viewing experience. | V6: Sound Design: Basic capability in Location Sound Recording. | W6: Editing: Limited control of tools in Adobe Premiere Pro; rough cuts and timing issues affect clarity. | X6: Screenwriting: Creative writing exercises are incomplete or show minimal effort. | Y6: Direction: Film diary is absent or does not meet basic academic requirements. | Z6: Production: The final outcome shows limited alignment with the project requirements, necessitating a more focused approach to the brief. | AA6: Cinematography: Significant continuity issues disrupt the coherence of the work. | AB6: Sound Design: Requires significant improvement in Location Sound Recording. | AC6: Editing: Editing does not convey mood or engagement. | AD6: Screenwriting: Demonstrates distinct character voices, making dialogue unique and identifiable. | AE6: Direction: Demonstrates strong command over visualisation tools, including storyboards and mood boards, to clearly communicate directorial intent. | AF6: Production: Displays a high degree of technical fluency, navigating Semester challenges with confidence and creative autonomy. | AG6: Cinematography: Executes basic camera movements (pan and tilt) with confidence and smoothness. | AH6: Sound Design: Demonstrates high-level clarity in Workflow from Pre-Production to Post-Production of Sound in Film & TV Industry. | AI6: Editing: Clean execution with strong continuity and VFX integration. Emotional shaping through pauses, silences, and reactions can be further refined. | AJ6: Screenwriting: Characters have some distinction, though dialogue voices are not always clearly differentiated. | AK6: Direction: Uses visualisation tools adequately, though planning lacks depth or clarity. | AL6: Production: Maintains good control over the production process throughout the semester, though consistency occasionally wavers under complex tasks. | AM6: Cinematography: Handles basic camera movements (pan and tilt) adequately, with minor inconsistencies. | AN6: Sound Design: Shows good understanding in Workflow from Pre-Production to Post-Production of Sound in Film & TV Industry. | AO6: Editing: Understands all areas—dialogue, montage, rhythm, and VFX but inconsistencies prevent a fully cohesive outcome. | AP6: Screenwriting: Characters lack distinct voices, making dialogue repetitive. | AQ6: Direction: Visualisation tools are underutilized or lack clarity, affecting planning. | AR6: Production: Basic requirements are met, though a lack of attention to detail frequently results in an unpolished final production. | AS6: Cinematography: Executes basic camera movements with noticeable inconsistency and lack of control. | AT6: Sound Design: Basic capability in Workflow from Pre-Production to Post-Production of Sound in Film & TV Industry. | AU6: Editing: Basic editing present, but reactions, pauses, and silences are underused or ineffective. | AV6: Screenwriting: Characters are undefined, with no distinct voice or motivation. | AW6: Direction: Fails to use visualisation tools required for planning scenes. | AX6: Production: Production quality is inconsistent and frequently falls below the expected benchmark for this level of study. | AY6: Cinematography: Executes camera movements poorly, with instability or lack of control. | AZ6: Sound Design: Requires significant improvement in Workflow from Pre-Production to Post-Production of Sound in Film & TV Industry. | BA6: Editing: Shots are assembled without meaningful conceptual or thematic connection. | BB6: Direction: Integrates visuals and sound meaningfully, though could explore more experimental storytelling approaches. | BC6: Production: Execution goes beyond mere competence, showing a level of artistry and polish that distinguishes the work as top-tier. | BD6: Screenwriting: Balances character-driven and plot-driven storytelling effectively, with well-defined arcs and purposeful escalation. Dialogue uses rhythm, pauses, and interruption to enhance emotional beats. | BE6: Cinematography: Constructs lighting setups with clear intent, effectively shaping light to suit the scene. | BF6: Editing: High level of technical execution and workflow discipline in Avid Media Composer. Filmic time is structured well, though rhythm and musical interplay could be more expressive. | BG6: Sound Design: Demonstrated strong execution in Sound Editing and Sound Effects Designing skills | BH6: Maintains strong tracking discipline in visual effects, aligned with interpretation and emerging craft ownership and executed with confidence. | BI6: Direction: Integrates sound and visuals adequately, but lacks depth in layering. | BJ6: Production: Displays a good understanding of production workflows, managing the increased complexity of Sem III with steady control. | BK6: Screenwriting: Shows awareness of genre conventions, though reliance on familiar tropes limits originality. Some scenes rely more on dialogue than visual storytelling. | BL6: Cinematography: Applies basic lighting principles, though control over light shaping is limited. | BM6: Editing: Some strong rhythmic and emotional moments. Narrative flow and time construction lack consistency. Workflow is mostly functional. | BN6: Sound Design: Shows good understanding of Sound Fx Design with scope for improvement in Production Sound and Music Design | BO6: Maintains good tracking discipline in visual effects, aligned with interpretation and emerging craft ownership, with room for stronger polish. | BP6: Direction: Visual and sound elements are functional but not meaningfully integrated. | BQ6: Production: Attempts to align work with Sem objectives, but the final outcome often lacks the clarity needed to fully realize the intent. | BR6: Screenwriting: Character arcs are weak or inconsistent, with minimal transformation. Dialogue often states emotions directly rather than expressing them through interaction. | BS6: Cinematography: Applies lighting inconsistently, with limited control over light quality and direction. | BT6: Editing: Editing communicates information but lacks rhythm, musicality, and emotional shaping. Workflow is inconsistent. | BU6: Sound Design: Basic understanding of Music Design; requires significant improvement in Production Sound Recording and Sound Fx Design | BV6: Needs stronger control over tracking discipline in visual effects to meet interpretation and emerging craft ownership expectations more consistently. | BW6: Direction: Poor integration of visual and sound elements. | BX6: Production: Shows a profound lack of clarity regarding intent, making it difficult to understand the reasoning behind production choices. | BY6: Screenwriting: Demonstrates little understanding of genre conventions, leading to inconsistent tone and ineffective storytelling. | BZ6: Cinematography: Uses lighting without clear intent, resulting in poorly defined images. | CA6: Editing: Editing process is disorganised, affecting narrative clarity and technical output. | CB6: Sound Design: Requires significant improvement in Sound Editing and Sound Fx Design | CC6: Needs stronger significant improvement in tracking discipline in visual effects to meet interpretation and emerging craft ownership expectations. | CD6: Direction: Maintains narrative clarity through visual storytelling, though could reduce reliance on dialogue in key moments. | CE6: Production: Production choices are driven by sophisticated intent, pushing the boundaries of the brief to produce innovative and original results. | CF6: Screenwriting: Adapts writing effectively across formats (film, television, web), demonstrating clear understanding of structural and tonal differences. | CG6: Cinematography: Constructs lighting setups that convincingly represent different times of day. | CH6: Editing: Selects and integrates takes to shape both performance and filmic time. Demonstrates clear understanding of progression beyond continuity. Strong DIT discipline and accurate exports for sound and colour pipelines. | CI6: Sound Design: Demonstrates effeciency in handling complex situations in Production Sound; displays excellent skills in Sound Editing and Design | CJ6: Maintains strong tracking discipline in visual effects, aligned with craft control and execution and executed with confidence. | CK6: Direction: Uses visual storytelling in parts, but still depends heavily on dialogue. | CL6: Production: Displays a good ability to navigate Sem challenges, though more proactive refinement in the final stages would elevate the work. | CM6: Screenwriting: Shows understanding of different formats, though distinctions between film, television, and web writing are not always precise. | CN6: Cinematography: Attempts to represent different times of day through lighting, with moderate success. | CO6: Editing: Attempts tonal or sensory cutting but without full clarity. Spatial logic and DIT workflow are adequate but not deeply integrated. | CP6: Sound Design: Executes Sound Editing and Dubbing works with efficency; needs more attention in Recording Production Sound | CQ6: Maintains good tracking discipline in visual effects, aligned with craft control and execution, with room for stronger polish. | CR6: Direction: Relies predominantly on dialogue, with minimal visual storytelling. | CS6: Production: Manages the basic requirements of the Semester workflow, yet struggles with the precision needed for complex tasks. | CT6: Screenwriting: Limited understanding of writing across formats, with inconsistent structural approach. | CU6: Cinematography: Shows difficulty in representing time-of-day lighting convincingly. | CV6: Editing: Sound and music are not meaningfully integrated. Exports for Pro Tools and DI are incomplete or incorrect. | CW6: Sound Design: Covers Prodcution Sound Recording on an average level; needs significant improvement in Sound Editing and Dubbing Techniques | CX6: Needs stronger control over tracking discipline in visual effects to meet craft control and execution expectations more consistently. | CY6: Direction: Over-reliance on dialogue with little to no visual storytelling. | CZ6: Production: There is a notable disconnect between the project intent and the final output, indicating a struggle with complex brief interpretation. | DA6: Screenwriting: Demonstrates little understanding of format-specific writing, with no clear structural approach. | DB6: Cinematography: Fails to establish convincing time-of-day lighting. | DC6: Editing: Data copying, backups, metadata tagging, and transcoding are not properly managed. | DD6: Sound Design: Requires clear understanding of Dubbing workflow and Sound Editing technques | DE6: Needs stronger significant improvement in tracking discipline in visual effects to meet craft control and execution expectations. | DF6: Direction: Maintains consistent directorial style across episodes, though transitions between episodes can be more distinctive. | DG6: Production: Displays such high-level control over the medium that the work serves as a benchmark for quality and technical innovation within the cohort. | DH6: Screenwriting: Generates strong feature-length ideas, identifying concepts with clear dramatic potential, thematic coherence, and narrative scalability. | DI6: Cinematography: Constructs lighting setups suitable for VFX work, ensuring clean and controlled keying conditions. | DJ6: Editing: Balances scene-level editing with overall film structure. Demonstrates episodic and long-form thinking. Workflow, media handling, and archiving practices are systematic. | DK6: Sound Design: Manages complex recording sessions of Music recording independently with sufficient knowledge of Rhythm, Chords and Melody | DL6: Maintains strong tracking discipline in visual effects, aligned with advanced workflow and collaboration and executed with confidence. | DM6: Direction: Coordinates departments adequately, though integration with narrative intent needs strengthening. | DN6: Production: Exhibits a strong understanding of the production workflow; however, some areas of the final execution would benefit from a more polished finish. | DO6: Screenwriting: Feature-length ideas show promise, though narrative scope and thematic focus need refinement. | DP6: Cinematography: Applies basic VFX lighting principles, though control over spill and separation can improve. | DQ6: Editing: Individual scenes are strong, but overall film structure and progression need refinement. | DR6: Sound Design: Applies Signal Processors effectively in the Audio Mix; needs to develop technical skills and aesthetics in Audio Mix | DS6: Maintains good tracking discipline in visual effects, aligned with advanced workflow and collaboration, with room for stronger polish. | DT6: Direction: Limited awareness of VOD format and audience retention strategies. | DU6: Production: Displays basic control over the production workflow, yet struggles to maintain accuracy when managing multiple specialized variables. | DV6: Screenwriting: Feature-length ideas lack clear premise, with insufficient narrative direction or thematic grounding. | DW6: Cinematography: Applies VFX lighting inconsistently, affecting keying quality. | DX6: Editing: Graphics or VFX feel disconnected from narrative and rhythm. Pipeline understanding is partial. | DY6: Sound Design: Displays basic skills in Audio Mixing and Mastering; needs more improvement in all Post Production works | DZ6: Needs stronger control over tracking discipline in visual effects to meet advanced workflow and collaboration expectations more consistently. | EA6: Direction: Poor integration of departments, resulting in an inconsistent output. | EB6: Production: Outcomes show a significant disconnect from the semester's advanced objectives, requiring a re-evaluation of core technical principles. | EC6: Screenwriting: Feature-length ideas are underdeveloped, lacking premise clarity or narrative potential. | ED6: Cinematography: Fails to apply appropriate lighting for VFX, resulting in unusable footage. | EE6: Editing: Compositing and graphics are poorly executed or disconnected from story. | EF6: Sound Design: Needs special attention in Sound Editing and Track Laying for outputting to Mix theatre | EG6: Needs stronger significant improvement in tracking discipline in visual effects to meet advanced workflow and collaboration expectations. | EH6: Direction: Maintains strong narrative coherence, though could experiment more boldly with form and structure. | EI6: Production: Outcomes are perfectly aligned with final-semester objectives, demonstrating a rare clarity in translating a capstone vision into reality. | EJ6: Screenwriting: Expands a one-page idea into a detailed synopsis, with clear escalation of stakes and narrative layering. | EK6: Cinematography: Presents in-depth analysis of a cinematographer’s work, with strong understanding of style, technique, and impact. | EL6: Editing: Strong in handling pressure situations with effective decision-making and adaptability. DIT practices and media management are mostly consistent. Creative interpretation is strong, though deeper layering of meaning could be explored. | EM6: Sound Design: Interprets and translates directorial vision effectively into creative decisions and executions of Sound Design in an assigned film | EN6: Maintains strong tracking discipline in visual effects, aligned with professional readiness and final output and executed with confidence. | EO6: Direction: Maintains narrative structure, though pacing issues affect engagement. | EP6: Production: Displays a mature approach to production, handling the pressures of the final semester with steady control and professional conduct. | EQ6: Screenwriting: Expands ideas into a synopsis, though narrative escalation and depth need further development. | ER6: Cinematography: Presents a clear analysis of a cinematographer’s work, though depth of insight can be improved. | ES6: Editing: Shows good control in individual scenes. Macro narrative structuring and time design require development. Workflow execution is functional but not always reliable. | ET6: Sound Design: Shows good creative skills in Sound Designing; needs to develop technical proficiency of Sound Recording and Sound Editing of a film | EU6: Maintains good tracking discipline in visual effects, aligned with professional readiness and final output, with room for stronger polish. | EV6: Direction: Narrative structure is unclear in parts, with pacing and continuity issues. | EW6: Production: Managed the final production cycle to completion, but a lack of precision in the middle stages has resulted in a less-than-seamless outcome. | EX6: Screenwriting: Synopsis shows limited expansion of the original idea, with weak narrative development. | EY6: Cinematography: Presents a basic analysis of a cinematographer’s work, with limited critical depth. | EZ6: Editing: Struggles with integrating sound, VFX, and graphics into a cohesive narrative. Problem-solving remains surface-level. | FA6: Sound Design: Average level performance in Production Sound Recording; lacks an understanding of creative methods of Sound Track laying and Design in a project | FB6: Needs stronger control over tracking discipline in visual effects to meet professional readiness and final output expectations more consistently. | FC6: Direction: Narrative structure is fragmented, with major pacing and continuity issues. | FD6: Production: Demonstrates a critical lack of follow-through in the production cycle, leaving the final outcome in a fragmented or incomplete state. | FE6: Screenwriting: Fails to expand the initial idea into a coherent synopsis. | FF6: Cinematography: Presents minimal or unclear analysis of a cinematographer’s work. | FG6: Editing: Minimal creative interpretation; editing remains literal and unengaging. | FH6: Sound Design: Requires significant improvement in Sound Editing and Track Laying in a film; needs to judge the recording quality of Production Sound | FI6: Needs stronger significant improvement in tracking discipline in visual effects to meet professional readiness and final output expectations. | FJ6: Maintains strong conceptual depth, aligned with professional readiness and final output and executed with confidence. | FK6: Maintains good conceptual depth, aligned with professional readiness and final output, with room for stronger polish. | FL6: Needs stronger control over conceptual depth to meet professional readiness and final output expectations more consistently. | FM6: Needs stronger significant improvement in conceptual depth to meet professional readiness and final output expectations. | FN6: Maintains strong tool command, aligned with professional readiness and final output and executed with confidence. | FO6: Maintains good tool command, aligned with professional readiness and final output, with room for stronger polish. | FP6: Needs stronger control over tool command to meet professional readiness and final output expectations more consistently. | FQ6: Needs stronger significant improvement in tool command to meet professional readiness and final output expectations. | FR6: Maintains strong deadline ownership, aligned with professional readiness and final output and executed with confidence. | FS6: Maintains good deadline ownership, aligned with professional readiness and final output, with room for stronger polish. | FT6: Needs stronger control over deadline ownership to meet professional readiness and final output expectations more consistently. | FU6: Needs stronger significant improvement in deadline ownership to meet professional readiness and final output expectations.
F7: Screenwriting: Effectively develops characters with clear motivations and contributes to meaningful narrative progression. | G7: Direction: Actively engages in collaborative exercises, contributing meaningfully to camera, edit, and sound integration. | H7: Production: Maintains a high level of control across all phases of the project, ensuring a cohesive and unified final production. | I7: Cinematography: Close-ups and framing choices are used effectively to communicate intent and draw viewer attention. | J7: Sound Design: Demonstrates high-level clarity in Recording & Editing Ambiences. | K7: Editing: Shot duration is used effectively to create mood and pacing. Progression is clear, though shot selection could be further refined. | L7: Screenwriting: Shows good understanding and execution in sem i with scope for refinement (6).Develops characters with some clarity, but they lack strong individuality or depth. | M7: Direction: Participates in collaborative exercises, but contribution could be more proactive and integrated. | N7: Production: Intent is evident throughout the production process, but deeper exploration is needed to move beyond standard solutions. | O7: Cinematography: Technical execution is generally sound, with occasional exposure or white balance issues. | P7: Sound Design: Shows good understanding and execution in Recording & Editing Ambiences | Q7: Editing: Some strong emotional moments through timing and reactions. Overall progression and continuity are uneven. | R7: Screenwriting: Characters are underdeveloped, with unclear motivations and limited contribution to the story. | S7: Direction: Shows minimal contribution in collaborative exercises, affecting overall output. | T7: Production: Shows an awareness of necessary processes, though minor errors and a lack of exactness are visible in the final production. | U7: Cinematography: Close-ups are used inconsistently or without clear narrative intent. | V7: Sound Design: Basic capability in Recording & Editing Ambiences | W7: Editing: Editing communicates action but not feeling; reactions and pauses are underused. | X7: Screenwriting: Characters are absent or lack any clear definition or purpose. | Y7: Direction: Fails to participate in collaborative exercises, impacting both learning and group work. | Z7: Production: Significant improvement is needed in quality control, as the work often lacks the basic polish expected at this level. | AA7: Cinematography: Close-ups and shot choices lack clarity and purpose. | AB7: Sound Design: Requires significant improvement in Recording & Editing Ambiences | AC7: Editing: Significant errors in using Adobe Premiere Pro affect the overall output. | AD7: Screenwriting: Writes with strong awareness of rhythm and pacing, allowing scenes to flow naturally. | AE7: Direction: Shows clarity in using props and space meaningfully to support narrative and character behaviour. | AF7: Production: Goes beyond the basic requirements to optimize outcomes, showing a proactive approach to elevating the quality of the work. | AG7: Cinematography: Adapts effectively to available light, making informed visual decisions. | AH7: Sound Design: Demonstrates high-level control and clarity in Making Sound Stories. | AI7: Editing: Excellent use of pacing, silence, and sound-image interplay. Montage and VFX are effective but not fully explored conceptually. | AJ7: Screenwriting: Demonstrates basic control over pacing, though scenes may feel uneven. | AK7: Direction: Demonstrates basic use of props and space, though not always motivated by narrative intent. | AL7: Production: Successfully translates Semester theory into practice, producing work that is competent and hits all major benchmarks. | AM7: Cinematography: Recognizes available light conditions, though adaptation could be stronger. | AN7: Sound Design: Shows good understanding and execution in Making Sound Stories. | AO7: Editing: Maintains spatial and temporal clarity well. Editing choices are safe; montage and visual experimentation are limited. | AP7: Screenwriting: Pacing is uneven, affecting the overall rhythm of the script. | AQ7: Direction: Use of props and space appears arbitrary rather than purposeful. | AR7: Production: Shows a foundational grasp of Semester theory, yet struggles to apply these concepts with consistent accuracy in practice. | AS7: Cinematography: Shows limited ability to adapt to available light conditions. | AT7: Sound Design: Basic capability in Making Sound Stories. | AU7: Editing: Rough cuts, timing problems, or poor VFX integration reduce overall quality. | AV7: Screenwriting: Shows no control over pacing, resulting in disjointed writing. | AW7: Direction: Shows no purposeful use of props or space within scenes. | AX7: Production: A lack of precision in the execution phase suggests that more time must be dedicated to the "fundamentals" of the craft. | AY7: Cinematography: Shows poor understanding of available light and its practical use. | AZ7: Sound Design: Requires significant improvement in Making Sound Stories. | BA7: Editing: Graphics or effects are distracting, unclear, or technically incorrect. | BB7: Direction: Maintains ethical awareness and responsibility, with potential to interrogate perspective more critically. | BC7: Production: Displays a strategic approach to production, managing complex workflows with clarity, efficiency, and decisive intent. | BD7: Screenwriting: Applies research and development rigorously, resulting in well-realised settings and coherent worlds. Visual writing is precise, with clear staging and cinematic clarity. | BE7: Cinematography: Controls contrast ratios and light direction to create depth and visual interest. | BF7: Editing: Strong use of rhythm and sound-image interplay to shape emotion. Narrative construction and documentary structuring are effective, with slight inconsistencies in continuity or workflow. | BG7: Sound Design: Demonstrated strong execution in Sound Editing and Music Designing skills | BH7: Applies strong cleanup accuracy in visual effects, aligned with interpretation and emerging craft ownership and executed with confidence. | BI7: Direction: Maintains general ethical consideration, though perspective needs more clarity. | BJ7: Production: The work is highly competent, with the "scope for refinement" lying in the nuanced details of the final presentation. | BK7: Screenwriting: Character arcs are identifiable but lack depth or consistency. Dialogue reflects intent but does not always differentiate character voice effectively. | BL7: Cinematography: Maintains acceptable contrast, though lighting lacks refinement in certain areas. | BM7: Editing: Handles editing process systematically. However, rhythm, musicality, and time shaping remain basic. | BN7: Sound Design: Shows good understanding of Production Sound Recording with scope for improvement in Sound Editing and Sound Fx Design | BO7: Applies good cleanup accuracy in visual effects, aligned with interpretation and emerging craft ownership, with room for stronger polish. | BP7: Direction: Limited awareness of ethical considerations in representation. | BQ7: Production: Manages the basic requirements of the production workflow, though struggles to keep pace with the semester's more complex demands. | BR7: Screenwriting: Scenes are functional but lack clear conflict, progression, or purpose. Emotional beats are not effectively constructed. | BS7: Cinematography: Shows weak control over contrast, resulting in flat or unbalanced images. | BT7: Editing: Footage handling and editing process lack structure. Filmic time and narrative progression are unclear. | BU7: Sound Design: Basic understanding of Production Sound Recording; requires significant improvement in Sound Fx Design | BV7: Requires better control over cleanup accuracy in visual effects to meet interpretation and emerging craft ownership expectations more consistently. | BW7: Direction: Ethical considerations are overlooked or inadequately addressed. | BX7: Production: The work consistently lacks the precision and care required at this stage of the course, necessitating a return to basic principles. | BY7: Screenwriting: Characterisation is weak, with no clear arcs or development. Dialogue lacks differentiation and does not support character intent. | BZ7: Cinematography: Fails to control contrast and light direction effectively. | CA7: Editing: Editing does not create mood or rhythm. Sound and image are disconnected. | CB7: Sound Design: Requires significant improvement in Sound Editing and Music Design | CC7: Displays insufficient control over cleanup accuracy in visual effects, and requires substantial improvement against interpretation and emerging craft ownership expectations. | CD7: Direction: Displays confident control over spatial and temporal continuity, with room to experiment more boldly with form. | CE7: Production: Manages the most complex Semester workflows with total autonomy, demonstrating a high-level of organizational control and foresight. | CF7: Screenwriting: Develops a well-structured web series bible, with strong episodic arcs, character continuity, and season-level progression. | CG7: Cinematography: Manages complex lighting transitions (interior/exterior, day/night) with clarity and control. | CH7: Editing: Sound design, music, and editing are cohesively integrated. Spatial logic, including reversals and movement, is clearly understood. Media management, metadata, and pipeline execution are efficient. | CI7: Sound Design: Demonstrates efficiency in handling Dubbing works independently; displays excellent skills in Sound Editing and Design | CJ7: Applies strong cleanup accuracy in visual effects, aligned with craft control and execution and executed with confidence. | CK7: Direction: Maintains overall narrative structure, though pacing fluctuates across the film. | CL7: Production: The work is highly competent, with the scope for refinement primarily found in the aesthetic or technical "finishing touches." | CM7: Screenwriting: Web series bible is structured, though episodic arcs and long-term narrative development need further clarity. | CN7: Cinematography: Handles lighting transitions with some clarity, though execution lacks precision. | CO7: Editing: Maintains staging and continuity well. Sound design and music are not fully integrated into rhythm. Pipeline execution is moderate. | CP7: Sound Design: Handles Production Sound Recording and Sound Editing efficiently; needs betterment in understanding the concepts of Digital Audio | CQ7: Applies good cleanup accuracy in visual effects, aligned with craft control and execution, with room for stronger polish. | CR7: Direction: Narrative progression is uneven, with issues in pacing and scene transitions. | CS7: Production: Fundamental production tasks are completed, but a lack of attention to detail results in a finish that requires further refinement. | CT7: Screenwriting: Web series bible is underdeveloped, with weak episodic structure and unclear character arcs. | CU7: Cinematography: Attempts lighting transitions, but lacks clarity and control. | CV7: Editing: Cuts do not consistently respond to staging or emotional shifts. Workflow does not support structured editing. | CW7: Sound Design: Capable to do Sound Effects on a basic level; requires significant improvement in Dubbing, Production Sound Recording and Music Design | CX7: Requires better control over cleanup accuracy in visual effects to meet craft control and execution expectations more consistently. | CY7: Direction: Narrative structure is unclear, with significant issues in continuity and pacing. | CZ7: Production: Projects frequently remain in an underdeveloped state, lacking the sustained execution required for a completed Semester outcome. | DA7: Screenwriting: Web series bible is incomplete or lacks coherence in episodic and season-level development. | DB7: Cinematography: Is unable to manage lighting transitions effectively. | DC7: Editing: Sound is not integrated. Exports for Pro Tools and DI are incorrect or unusable. | DD7: Sound Design: Doesn't display good skills of Music Design and Sound Editing | DE7: Displays insufficient control over cleanup accuracy in visual effects, and requires substantial improvement against craft control and execution expectations. | DF7: Direction: Leads collaboration efficiently across departments, with potential to take bolder creative risks. | DG7: Production: Successfully aligns ambitious creative visions with practical outcomes, maintaining a rigorous standard of execution throughout. | DH7: Screenwriting: Synopses are well-structured, with defined arcs, clear stakes, and progression that reflects feature-length storytelling logic. | DI7: Cinematography: Shapes lighting effectively for special situations, balancing realism and stylization. | DJ7: Editing: Seamlessly integrates live action, VFX, motion graphics, and sound design into narrative structure. Demonstrates strong understanding of compositing workflows and pipeline coordination. | DK7: Sound Design: Integrates Dialog, Sound Effects and Music for a scene with great efficiency and have a good sense of Audio-Visual storytelling | DL7: Applies strong cleanup accuracy in visual effects, aligned with advanced workflow and collaboration and executed with confidence. | DM7: Direction: Uses visual storytelling in parts, but still relies heavily on dialogue. | DN7: Production: Maintains good control over advanced media and tools, resulting in outcomes that are well-constructed and conceptually clear. | DO7: Screenwriting: Synopses present a coherent structure, though character arcs and escalation of stakes are uneven. | DP7: Cinematography: Handles special lighting situations with some success, though results lack refinement. | DQ7: Editing: Attempts to construct meaning through juxtaposition, but connections are not always clear or impactful. | DR7: Sound Design: Constructs a good Audio Mix for a given set of Dialog, Music, Effects tracks; needs to develop more aesthetic sense in Sound Deisgn | DS7: Applies good cleanup accuracy in visual effects, aligned with advanced workflow and collaboration, with room for stronger polish. | DT7: Direction: Collaboration between departments is inconsistent, impacting narrative quality. | DU7: Production: Core requirements are met, but the work lacks the refined detail and "final-mile" polish expected at this advanced level. | DV7: Screenwriting: Synopses are loosely structured, with unclear arcs and weak sense of progression. | DW7: Cinematography: Struggles with lighting in special situations, resulting in uneven outcomes. | DX7: Editing: Editing does not effectively shape character relationships or perspective. | DY7: Sound Design: Performs Music Recording and Mix on a basic level; needs more improvement in Audio Signal Processing | DZ7: Requires better control over cleanup accuracy in visual effects to meet advanced workflow and collaboration expectations more consistently. | EA7: Direction: Over-reliance on dialogue with little cinematic expression. | EB7: Production: The work lacks the fundamental polish and precision expected at this late stage of the program, requiring urgent refinement. | EC7: Screenwriting: Synopses lack coherence, with no clear structure, progression, or character focus. | ED7: Cinematography: Uses lighting ineffectively in special situations. | EE7: Editing: Limited engagement with director/producer intent. Editing does not reinterpret material. | EF7: Sound Design: Needs special attention in Dialog Editing, Signal Processing and Track Laying for Mix | EG7: Displays insufficient control over cleanup accuracy in visual effects, and requires substantial improvement against advanced workflow and collaboration expectations. | EH7: Direction: Leads collaboration efficiently across departments, with potential for more risk-taking in execution. | EI7: Production: Shows high-level control over the medium, using technical skills not just for completion, but for innovative and impactful storytelling. | EJ7: Screenwriting: Develops a feature treatment that sustains narrative progression, with coherent arcs and tonal consistency. | EK7: Cinematography: Articulates insights clearly through research, connecting theory with practical cinematographic application. | EL7: Editing: Technically proficient with reliable workflow execution from ingest to delivery. Demonstrates good feedback assimilation and collaboration. Editing is effective, though risk-taking in structure and form could be increased. | EM7: Sound Design: Dispalys strong ability to do research and explore unique features of a Sound Designer's work; Capable of innnovation in Sound Design in a film | EN7: Applies strong cleanup accuracy in visual effects, aligned with professional readiness and final output and executed with confidence. | EO7: Direction: Coordinates departments adequately, though alignment with narrative intent needs strengthening. | EP7: Production: The work is of a high standard, though there is still visible scope for refinement in the more intricate, specialized details of the project. | EQ7: Screenwriting: Treatment reflects overall story direction, though arcs and tonal consistency are uneven. | ER7: Cinematography: Connects theoretical research to practice, though articulation lacks clarity in some areas. | ES7: Editing: Demonstrates awareness of DIT and post-production pipeline. Execution has gaps in data organisation, exports, or finishing. Needs more attention to detail.. | ET7: Sound Design: Shows good creative skills in Sound Designing; needs to develop technical proficiency of Audio Mix and Mastering of a film | EU7: Applies good cleanup accuracy in visual effects, aligned with professional readiness and final output, with room for stronger polish. | EV7: Direction: Limited coordination between departments, impacting overall film quality. | EW7: Production: Core production tasks are present, yet the work lacks the refined "final-mile" attention to detail expected at the conclusion of the course. | EX7: Screenwriting: Treatment lacks sustained progression, with unclear arcs and tonal inconsistency. | EY7: Cinematography: Shows partial understanding of theoretical frameworks, with weak connection to practice. | EZ7: Editing: Shows limited initiative in collaboration and adapting to feedback. Editing decisions remain mechanical. | FA7: Sound Design: Average level performance in Sound Editing and Audio Mix; requires significant improvement in handling Production Sound Recording in a film | FB7: Requires better control over cleanup accuracy in visual effects to meet professional readiness and final output expectations more consistently. | FC7: Direction: Poor coordination between departments, leading to a disjointed film. | FD7: Production: The project lacks the basic precision and care required for a final-year submission, necessitating an urgent return to fundamental principles. | FE7: Screenwriting: Treatment is unclear, with no sustained narrative progression. | FF7: Cinematography: Shows little understanding of theoretical frameworks or their application. | FG7: Editing: Unable to effectively collaborate or respond to feedback. Limited problem-solving ability. | FH7: Sound Design: Application of ideas and thoughts in doing Sound Script, Treatment and other pre-production planning needs to significantly better | FI7: Displays insufficient control over cleanup accuracy in visual effects, and requires substantial improvement against professional readiness and final output expectations. | FJ7: Applies strong artistic confidence, aligned with professional readiness and final output and executed with confidence. | FK7: Applies good artistic confidence, aligned with professional readiness and final output, with room for stronger polish. | FL7: Requires better control over artistic confidence to meet professional readiness and final output expectations more consistently. | FM7: Displays insufficient control over artistic confidence, and requires substantial improvement against professional readiness and final output expectations. | FN7: Applies strong finish quality, aligned with professional readiness and final output and executed with confidence. | FO7: Applies good finish quality, aligned with professional readiness and final output, with room for stronger polish. | FP7: Requires better control over finish quality to meet professional readiness and final output expectations more consistently. | FQ7: Displays insufficient control over finish quality, and requires substantial improvement against professional readiness and final output expectations. | FR7: Applies strong professional attitude, aligned with professional readiness and final output and executed with confidence. | FS7: Applies good professional attitude, aligned with professional readiness and final output, with room for stronger polish. | FT7: Requires better control over professional attitude to meet professional readiness and final output expectations more consistently. | FU7: Displays insufficient control over professional attitude, and requires substantial improvement against professional readiness and final output expectations.
